ID,File Name
Oceana1.pdf,Oceana_Group_Sustainability_Report_2022.pdf
Ssw.pdf,ssw-IR22.pdf
Sasol.pdf,SASOL Sustainability Report 2023 20-09_0.pdf
Impala.pdf,ESG-spreads.pdf
Clicks.pdf,Clicks-Sustainability-Report-2022.pdf
Oceana2.pdf,Oceana_ESG_Databook_FY2022.pdf
Uct2.pdf,afs2021.pdf
Picknpay.pdf,picknpay-esg-report-spreads-2023.pdf
Distell.pdf,DISTELL ESG Appendix 2022.pdf
Uct1.pdf,UCT_Carbon_Footprint_Report_2020-2021.pdf
Absa.pdf,2022-Absa-Group-limited-Environmental-Social-and-Governance-Data-sheet.pdf
Tongaat.pdf,2021ESG.pdf
