ID,2022_Value
100_X_Absa,0.0
100_X_Clicks,0.0
100_X_Distell,0.0
100_X_Impala,0.0
100_X_Oceana1&2,0.0
100_X_Picknpay,0.0
100_X_Sasol,0.0
100_X_Ssw,0.0
100_X_Tongaat,0.0
100_X_Uct1&2,0.0
101_X_Absa,0.0
101_X_Clicks,0.0
101_X_Distell,0.0
101_X_Impala,0.0
101_X_Oceana1&2,0.0
101_X_Picknpay,0.0
101_X_Sasol,0.0
101_X_Ssw,0.0
101_X_Tongaat,0.0
101_X_Uct1&2,0.0
1035_X_Absa,0.0
1035_X_Clicks,0.0
1035_X_Distell,0.0
1035_X_Impala,0.0
1035_X_Oceana1&2,0.0
1035_X_Picknpay,0.0
1035_X_Sasol,0.0
1035_X_Ssw,0.0
1035_X_Tongaat,0.0
1035_X_Uct1&2,0.0
1036_X_Absa,0.0
1036_X_Clicks,0.0
1036_X_Distell,0.0
1036_X_Impala,0.0
1036_X_Oceana1&2,0.0
1036_X_Picknpay,0.0
1036_X_Sasol,0.0
1036_X_Ssw,0.0
1036_X_Tongaat,0.0
1036_X_Uct1&2,0.0
1037_X_Absa,0.0
1037_X_Clicks,0.0
1037_X_Distell,0.0
1037_X_Impala,0.0
1037_X_Oceana1&2,0.0
1037_X_Picknpay,0.0
1037_X_Sasol,0.0
1037_X_Ssw,0.0
1037_X_Tongaat,0.0
1037_X_Uct1&2,0.0
1038_X_Absa,0.0
1038_X_Clicks,0.0
1038_X_Distell,0.0
1038_X_Impala,0.0
1038_X_Oceana1&2,0.0
1038_X_Picknpay,0.0
1038_X_Sasol,0.0
1038_X_Ssw,0.0
1038_X_Tongaat,0.0
1038_X_Uct1&2,0.0
1039_X_Absa,0.0
1039_X_Clicks,0.0
1039_X_Distell,0.0
1039_X_Impala,0.0
1039_X_Oceana1&2,0.0
1039_X_Picknpay,0.0
1039_X_Sasol,0.0
1039_X_Ssw,0.0
1039_X_Tongaat,0.0
1039_X_Uct1&2,0.0
103_X_Absa,0.0
103_X_Clicks,0.0
103_X_Distell,0.0
103_X_Impala,0.0
103_X_Oceana1&2,0.0
103_X_Picknpay,0.0
103_X_Sasol,0.0
103_X_Ssw,0.0
103_X_Tongaat,0.0
103_X_Uct1&2,0.0
1040_X_Absa,0.0
1040_X_Clicks,0.0
1040_X_Distell,0.0
1040_X_Impala,0.0
1040_X_Oceana1&2,0.0
1040_X_Picknpay,0.0
1040_X_Sasol,0.0
1040_X_Ssw,0.0
1040_X_Tongaat,0.0
1040_X_Uct1&2,0.0
1041_X_Absa,0.0
1041_X_Clicks,0.0
1041_X_Distell,0.0
1041_X_Impala,0.0
1041_X_Oceana1&2,0.0
1041_X_Picknpay,0.0
1041_X_Sasol,0.0
1041_X_Ssw,0.0
1041_X_Tongaat,0.0
1041_X_Uct1&2,0.0
1042_X_Absa,0.0
1042_X_Clicks,0.0
1042_X_Distell,0.0
1042_X_Impala,0.0
1042_X_Oceana1&2,0.0
1042_X_Picknpay,0.0
1042_X_Sasol,0.0
1042_X_Ssw,0.0
1042_X_Tongaat,0.0
1042_X_Uct1&2,0.0
1043_X_Absa,0.0
1043_X_Clicks,0.0
1043_X_Distell,0.0
1043_X_Impala,0.0
1043_X_Oceana1&2,0.0
1043_X_Picknpay,0.0
1043_X_Sasol,0.0
1043_X_Ssw,0.0
1043_X_Tongaat,0.0
1043_X_Uct1&2,0.0
1044_X_Absa,0.0
1044_X_Clicks,0.0
1044_X_Distell,0.0
1044_X_Impala,0.0
1044_X_Oceana1&2,0.0
1044_X_Picknpay,0.0
1044_X_Sasol,0.0
1044_X_Ssw,0.0
1044_X_Tongaat,0.0
1044_X_Uct1&2,0.0
1045_X_Absa,0.0
1045_X_Clicks,0.0
1045_X_Distell,0.0
1045_X_Impala,0.0
1045_X_Oceana1&2,0.0
1045_X_Picknpay,0.0
1045_X_Sasol,0.0
1045_X_Ssw,0.0
1045_X_Tongaat,0.0
1045_X_Uct1&2,0.0
1046_X_Absa,0.0
1046_X_Clicks,0.0
1046_X_Distell,0.0
1046_X_Impala,0.0
1046_X_Oceana1&2,0.0
1046_X_Picknpay,0.0
1046_X_Sasol,0.0
1046_X_Ssw,0.0
1046_X_Tongaat,0.0
1046_X_Uct1&2,0.0
1047_X_Absa,0.0
1047_X_Clicks,0.0
1047_X_Distell,0.0
1047_X_Impala,0.0
1047_X_Oceana1&2,0.0
1047_X_Picknpay,0.0
1047_X_Sasol,0.0
1047_X_Ssw,0.0
1047_X_Tongaat,0.0
1047_X_Uct1&2,0.0
1048_X_Absa,0.0
1048_X_Clicks,0.0
1048_X_Distell,0.0
1048_X_Impala,0.0
1048_X_Oceana1&2,0.0
1048_X_Picknpay,0.0
1048_X_Sasol,0.0
1048_X_Ssw,0.0
1048_X_Tongaat,0.0
1048_X_Uct1&2,0.0
1049_X_Absa,0.0
1049_X_Clicks,0.0
1049_X_Distell,0.0
1049_X_Impala,0.0
1049_X_Oceana1&2,0.0
1049_X_Picknpay,0.0
1049_X_Sasol,0.0
1049_X_Ssw,0.0
1049_X_Tongaat,0.0
1049_X_Uct1&2,0.0
104_X_Absa,0.0
104_X_Clicks,0.0
104_X_Distell,0.0
104_X_Impala,0.0
104_X_Oceana1&2,0.0
104_X_Picknpay,0.0
104_X_Sasol,0.0
104_X_Ssw,0.0
104_X_Tongaat,0.0
104_X_Uct1&2,0.0
1050_X_Absa,0.0
1050_X_Clicks,0.0
1050_X_Distell,0.0
1050_X_Impala,0.0
1050_X_Oceana1&2,0.0
1050_X_Picknpay,0.0
1050_X_Sasol,0.0
1050_X_Ssw,0.0
1050_X_Tongaat,0.0
1050_X_Uct1&2,0.0
1051_X_Absa,0.0
1051_X_Clicks,0.0
1051_X_Distell,0.0
1051_X_Impala,0.0
1051_X_Oceana1&2,0.0
1051_X_Picknpay,0.0
1051_X_Sasol,0.0
1051_X_Ssw,0.0
1051_X_Tongaat,0.0
1051_X_Uct1&2,0.0
1052_X_Absa,0.0
1052_X_Clicks,0.0
1052_X_Distell,0.0
1052_X_Impala,0.0
1052_X_Oceana1&2,0.0
1052_X_Picknpay,0.0
1052_X_Sasol,0.0
1052_X_Ssw,0.0
1052_X_Tongaat,0.0
1052_X_Uct1&2,0.0
1053_X_Absa,0.0
1053_X_Clicks,0.0
1053_X_Distell,0.0
1053_X_Impala,0.0
1053_X_Oceana1&2,0.0
1053_X_Picknpay,0.0
1053_X_Sasol,0.0
1053_X_Ssw,0.0
1053_X_Tongaat,0.0
1053_X_Uct1&2,0.0
1054_X_Absa,0.0
1054_X_Clicks,0.0
1054_X_Distell,0.0
1054_X_Impala,0.0
1054_X_Oceana1&2,0.0
1054_X_Picknpay,0.0
1054_X_Sasol,0.0
1054_X_Ssw,0.0
1054_X_Tongaat,0.0
1054_X_Uct1&2,0.0
1055_X_Absa,0.0
1055_X_Clicks,0.0
1055_X_Distell,0.0
1055_X_Impala,0.0
1055_X_Oceana1&2,0.0
1055_X_Picknpay,0.0
1055_X_Sasol,0.0
1055_X_Ssw,0.0
1055_X_Tongaat,0.0
1055_X_Uct1&2,0.0
105_X_Absa,0.0
105_X_Clicks,0.0
105_X_Distell,0.0
105_X_Impala,0.0
105_X_Oceana1&2,0.0
105_X_Picknpay,0.0
105_X_Sasol,0.0
105_X_Ssw,0.0
105_X_Tongaat,0.0
105_X_Uct1&2,0.0
1070_X_Absa,0.0
1070_X_Clicks,0.0
1070_X_Distell,0.0
1070_X_Impala,0.0
1070_X_Oceana1&2,0.0
1070_X_Picknpay,0.0
1070_X_Sasol,0.0
1070_X_Ssw,0.0
1070_X_Tongaat,0.0
1070_X_Uct1&2,0.0
109_X_Absa,0.0
109_X_Clicks,0.0
109_X_Distell,0.0
109_X_Impala,0.0
109_X_Oceana1&2,0.0
109_X_Picknpay,0.0
109_X_Sasol,0.0
109_X_Ssw,0.0
109_X_Tongaat,0.0
109_X_Uct1&2,0.0
10_X_Absa,0.0
10_X_Clicks,0.0
10_X_Distell,0.0
10_X_Impala,0.0
10_X_Oceana1&2,0.0
10_X_Picknpay,0.0
10_X_Sasol,0.0
10_X_Ssw,0.0
10_X_Tongaat,0.0
10_X_Uct1&2,0.0
110_X_Absa,0.0
110_X_Clicks,0.0
110_X_Distell,0.0
110_X_Impala,0.0
110_X_Oceana1&2,0.0
110_X_Picknpay,0.0
110_X_Sasol,0.0
110_X_Ssw,0.0
110_X_Tongaat,0.0
110_X_Uct1&2,0.0
111_X_Absa,0.0
111_X_Clicks,0.0
111_X_Distell,0.0
111_X_Impala,0.0
111_X_Oceana1&2,0.0
111_X_Picknpay,0.0
111_X_Sasol,0.0
111_X_Ssw,0.0
111_X_Tongaat,0.0
111_X_Uct1&2,0.0
112_X_Absa,0.0
112_X_Clicks,0.0
112_X_Distell,0.0
112_X_Impala,0.0
112_X_Oceana1&2,0.0
112_X_Picknpay,0.0
112_X_Sasol,0.0
112_X_Ssw,0.0
112_X_Tongaat,0.0
112_X_Uct1&2,0.0
113_X_Absa,0.0
113_X_Clicks,0.0
113_X_Distell,0.0
113_X_Impala,0.0
113_X_Oceana1&2,0.0
113_X_Picknpay,0.0
113_X_Sasol,0.0
113_X_Ssw,0.0
113_X_Tongaat,0.0
113_X_Uct1&2,0.0
114_X_Absa,0.0
114_X_Clicks,0.0
114_X_Distell,0.0
114_X_Impala,0.0
114_X_Oceana1&2,0.0
114_X_Picknpay,0.0
114_X_Sasol,0.0
114_X_Ssw,0.0
114_X_Tongaat,0.0
114_X_Uct1&2,0.0
115_X_Absa,0.0
115_X_Clicks,0.0
115_X_Distell,0.0
115_X_Impala,0.0
115_X_Oceana1&2,0.0
115_X_Picknpay,0.0
115_X_Sasol,0.0
115_X_Ssw,0.0
115_X_Tongaat,0.0
115_X_Uct1&2,0.0
116_X_Absa,0.0
116_X_Clicks,0.0
116_X_Distell,0.0
116_X_Impala,0.0
116_X_Oceana1&2,0.0
116_X_Picknpay,0.0
116_X_Sasol,0.0
116_X_Ssw,0.0
116_X_Tongaat,0.0
116_X_Uct1&2,0.0
118_X_Absa,0.0
118_X_Clicks,0.0
118_X_Distell,0.0
118_X_Impala,0.0
118_X_Oceana1&2,0.0
118_X_Picknpay,0.0
118_X_Sasol,0.0
118_X_Ssw,0.0
118_X_Tongaat,0.0
118_X_Uct1&2,0.0
119_X_Absa,0.0
119_X_Clicks,0.0
119_X_Distell,0.0
119_X_Impala,0.0
119_X_Oceana1&2,0.0
119_X_Picknpay,0.0
119_X_Sasol,0.0
119_X_Ssw,0.0
119_X_Tongaat,0.0
119_X_Uct1&2,0.0
11_X_Absa,0.0
11_X_Clicks,0.0
11_X_Distell,0.0
11_X_Impala,0.0
11_X_Oceana1&2,0.0
11_X_Picknpay,0.0
11_X_Sasol,0.0
11_X_Ssw,0.0
11_X_Tongaat,0.0
11_X_Uct1&2,0.0
120_X_Absa,0.0
120_X_Clicks,0.0
120_X_Distell,0.0
120_X_Impala,0.0
120_X_Oceana1&2,0.0
120_X_Picknpay,0.0
120_X_Sasol,0.0
120_X_Ssw,0.0
120_X_Tongaat,0.0
120_X_Uct1&2,0.0
121_X_Absa,0.0
121_X_Clicks,0.0
121_X_Distell,0.0
121_X_Impala,0.0
121_X_Oceana1&2,0.0
121_X_Picknpay,0.0
121_X_Sasol,0.0
121_X_Ssw,0.0
121_X_Tongaat,0.0
121_X_Uct1&2,0.0
122_X_Absa,0.0
122_X_Clicks,0.0
122_X_Distell,0.0
122_X_Impala,0.0
122_X_Oceana1&2,0.0
122_X_Picknpay,0.0
122_X_Sasol,0.0
122_X_Ssw,0.0
122_X_Tongaat,0.0
122_X_Uct1&2,0.0
123_X_Absa,0.0
123_X_Clicks,0.0
123_X_Distell,0.0
123_X_Impala,0.0
123_X_Oceana1&2,0.0
123_X_Picknpay,0.0
123_X_Sasol,0.0
123_X_Ssw,0.0
123_X_Tongaat,0.0
123_X_Uct1&2,0.0
124_X_Absa,0.0
124_X_Clicks,0.0
124_X_Distell,0.0
124_X_Impala,0.0
124_X_Oceana1&2,0.0
124_X_Picknpay,0.0
124_X_Sasol,0.0
124_X_Ssw,0.0
124_X_Tongaat,0.0
124_X_Uct1&2,0.0
125_X_Absa,0.0
125_X_Clicks,0.0
125_X_Distell,0.0
125_X_Impala,0.0
125_X_Oceana1&2,0.0
125_X_Picknpay,0.0
125_X_Sasol,0.0
125_X_Ssw,0.0
125_X_Tongaat,0.0
125_X_Uct1&2,0.0
126_X_Absa,0.0
126_X_Clicks,0.0
126_X_Distell,0.0
126_X_Impala,0.0
126_X_Oceana1&2,0.0
126_X_Picknpay,0.0
126_X_Sasol,0.0
126_X_Ssw,0.0
126_X_Tongaat,0.0
126_X_Uct1&2,0.0
128_X_Absa,0.0
128_X_Clicks,0.0
128_X_Distell,0.0
128_X_Impala,0.0
128_X_Oceana1&2,0.0
128_X_Picknpay,0.0
128_X_Sasol,0.0
128_X_Ssw,0.0
128_X_Tongaat,0.0
128_X_Uct1&2,0.0
129_X_Absa,0.0
129_X_Clicks,0.0
129_X_Distell,0.0
129_X_Impala,0.0
129_X_Oceana1&2,0.0
129_X_Picknpay,0.0
129_X_Sasol,0.0
129_X_Ssw,0.0
129_X_Tongaat,0.0
129_X_Uct1&2,0.0
12_X_Absa,0.0
12_X_Clicks,0.0
12_X_Distell,0.0
12_X_Impala,0.0
12_X_Oceana1&2,0.0
12_X_Picknpay,0.0
12_X_Sasol,0.0
12_X_Ssw,0.0
12_X_Tongaat,0.0
12_X_Uct1&2,0.0
130_X_Absa,0.0
130_X_Clicks,0.0
130_X_Distell,0.0
130_X_Impala,0.0
130_X_Oceana1&2,0.0
130_X_Picknpay,0.0
130_X_Sasol,0.0
130_X_Ssw,0.0
130_X_Tongaat,0.0
130_X_Uct1&2,0.0
132_X_Absa,0.0
132_X_Clicks,0.0
132_X_Distell,0.0
132_X_Impala,0.0
132_X_Oceana1&2,0.0
132_X_Picknpay,0.0
132_X_Sasol,0.0
132_X_Ssw,0.0
132_X_Tongaat,0.0
132_X_Uct1&2,0.0
133_X_Absa,0.0
133_X_Clicks,0.0
133_X_Distell,0.0
133_X_Impala,0.0
133_X_Oceana1&2,0.0
133_X_Picknpay,0.0
133_X_Sasol,0.0
133_X_Ssw,0.0
133_X_Tongaat,0.0
133_X_Uct1&2,0.0
134_X_Absa,0.0
134_X_Clicks,0.0
134_X_Distell,0.0
134_X_Impala,0.0
134_X_Oceana1&2,0.0
134_X_Picknpay,0.0
134_X_Sasol,0.0
134_X_Ssw,0.0
134_X_Tongaat,0.0
134_X_Uct1&2,0.0
135_X_Absa,0.0
135_X_Clicks,0.0
135_X_Distell,0.0
135_X_Impala,0.0
135_X_Oceana1&2,0.0
135_X_Picknpay,0.0
135_X_Sasol,0.0
135_X_Ssw,0.0
135_X_Tongaat,0.0
135_X_Uct1&2,0.0
136_X_Absa,0.0
136_X_Clicks,0.0
136_X_Distell,0.0
136_X_Impala,0.0
136_X_Oceana1&2,0.0
136_X_Picknpay,0.0
136_X_Sasol,0.0
136_X_Ssw,0.0
136_X_Tongaat,0.0
136_X_Uct1&2,0.0
137_X_Absa,0.0
137_X_Clicks,0.0
137_X_Distell,0.0
137_X_Impala,0.0
137_X_Oceana1&2,0.0
137_X_Picknpay,0.0
137_X_Sasol,0.0
137_X_Ssw,0.0
137_X_Tongaat,0.0
137_X_Uct1&2,0.0
138_X_Absa,0.0
138_X_Clicks,0.0
138_X_Distell,0.0
138_X_Impala,0.0
138_X_Oceana1&2,0.0
138_X_Picknpay,0.0
138_X_Sasol,0.0
138_X_Ssw,0.0
138_X_Tongaat,0.0
138_X_Uct1&2,0.0
13_X_Absa,0.0
13_X_Clicks,0.0
13_X_Distell,0.0
13_X_Impala,0.0
13_X_Oceana1&2,0.0
13_X_Picknpay,0.0
13_X_Sasol,0.0
13_X_Ssw,0.0
13_X_Tongaat,0.0
13_X_Uct1&2,0.0
141_X_Absa,0.0
141_X_Clicks,0.0
141_X_Distell,0.0
141_X_Impala,0.0
141_X_Oceana1&2,0.0
141_X_Picknpay,0.0
141_X_Sasol,0.0
141_X_Ssw,0.0
141_X_Tongaat,0.0
141_X_Uct1&2,0.0
142_X_Absa,0.0
142_X_Clicks,0.0
142_X_Distell,0.0
142_X_Impala,0.0
142_X_Oceana1&2,0.0
142_X_Picknpay,0.0
142_X_Sasol,0.0
142_X_Ssw,0.0
142_X_Tongaat,0.0
142_X_Uct1&2,0.0
143_X_Absa,0.0
143_X_Clicks,0.0
143_X_Distell,0.0
143_X_Impala,0.0
143_X_Oceana1&2,0.0
143_X_Picknpay,0.0
143_X_Sasol,0.0
143_X_Ssw,0.0
143_X_Tongaat,0.0
143_X_Uct1&2,0.0
144_X_Absa,0.0
144_X_Clicks,0.0
144_X_Distell,0.0
144_X_Impala,0.0
144_X_Oceana1&2,0.0
144_X_Picknpay,0.0
144_X_Sasol,0.0
144_X_Ssw,0.0
144_X_Tongaat,0.0
144_X_Uct1&2,0.0
145_X_Absa,0.0
145_X_Clicks,0.0
145_X_Distell,0.0
145_X_Impala,0.0
145_X_Oceana1&2,0.0
145_X_Picknpay,0.0
145_X_Sasol,0.0
145_X_Ssw,0.0
145_X_Tongaat,0.0
145_X_Uct1&2,0.0
146_X_Absa,0.0
146_X_Clicks,0.0
146_X_Distell,0.0
146_X_Impala,0.0
146_X_Oceana1&2,0.0
146_X_Picknpay,0.0
146_X_Sasol,0.0
146_X_Ssw,0.0
146_X_Tongaat,0.0
146_X_Uct1&2,0.0
148_X_Absa,0.0
148_X_Clicks,0.0
148_X_Distell,0.0
148_X_Impala,0.0
148_X_Oceana1&2,0.0
148_X_Picknpay,0.0
148_X_Sasol,0.0
148_X_Ssw,0.0
148_X_Tongaat,0.0
148_X_Uct1&2,0.0
14_X_Absa,0.0
14_X_Clicks,0.0
14_X_Distell,0.0
14_X_Impala,0.0
14_X_Oceana1&2,0.0
14_X_Picknpay,0.0
14_X_Sasol,0.0
14_X_Ssw,0.0
14_X_Tongaat,0.0
14_X_Uct1&2,0.0
150_X_Absa,0.0
150_X_Clicks,0.0
150_X_Distell,0.0
150_X_Impala,0.0
150_X_Oceana1&2,0.0
150_X_Picknpay,0.0
150_X_Sasol,0.0
150_X_Ssw,0.0
150_X_Tongaat,0.0
150_X_Uct1&2,0.0
151_X_Absa,0.0
151_X_Clicks,0.0
151_X_Distell,0.0
151_X_Impala,0.0
151_X_Oceana1&2,0.0
151_X_Picknpay,0.0
151_X_Sasol,0.0
151_X_Ssw,0.0
151_X_Tongaat,0.0
151_X_Uct1&2,0.0
153_X_Absa,0.0
153_X_Clicks,0.0
153_X_Distell,0.0
153_X_Impala,0.0
153_X_Oceana1&2,0.0
153_X_Picknpay,0.0
153_X_Sasol,0.0
153_X_Ssw,0.0
153_X_Tongaat,0.0
153_X_Uct1&2,0.0
154_X_Absa,0.0
154_X_Clicks,0.0
154_X_Distell,0.0
154_X_Impala,0.0
154_X_Oceana1&2,0.0
154_X_Picknpay,0.0
154_X_Sasol,0.0
154_X_Ssw,0.0
154_X_Tongaat,0.0
154_X_Uct1&2,0.0
156_X_Absa,0.0
156_X_Clicks,0.0
156_X_Distell,0.0
156_X_Impala,0.0
156_X_Oceana1&2,0.0
156_X_Picknpay,0.0
156_X_Sasol,0.0
156_X_Ssw,0.0
156_X_Tongaat,0.0
156_X_Uct1&2,0.0
157_X_Absa,0.0
157_X_Clicks,0.0
157_X_Distell,0.0
157_X_Impala,0.0
157_X_Oceana1&2,0.0
157_X_Picknpay,0.0
157_X_Sasol,0.0
157_X_Ssw,0.0
157_X_Tongaat,0.0
157_X_Uct1&2,0.0
15_X_Absa,0.0
15_X_Clicks,0.0
15_X_Distell,0.0
15_X_Impala,0.0
15_X_Oceana1&2,0.0
15_X_Picknpay,0.0
15_X_Sasol,0.0
15_X_Ssw,0.0
15_X_Tongaat,0.0
15_X_Uct1&2,0.0
162_X_Absa,0.0
162_X_Clicks,0.0
162_X_Distell,0.0
162_X_Impala,0.0
162_X_Oceana1&2,0.0
162_X_Picknpay,0.0
162_X_Sasol,0.0
162_X_Ssw,0.0
162_X_Tongaat,0.0
162_X_Uct1&2,0.0
163_X_Absa,0.0
163_X_Clicks,0.0
163_X_Distell,0.0
163_X_Impala,0.0
163_X_Oceana1&2,0.0
163_X_Picknpay,0.0
163_X_Sasol,0.0
163_X_Ssw,0.0
163_X_Tongaat,0.0
163_X_Uct1&2,0.0
164_X_Absa,0.0
164_X_Clicks,0.0
164_X_Distell,0.0
164_X_Impala,0.0
164_X_Oceana1&2,0.0
164_X_Picknpay,0.0
164_X_Sasol,0.0
164_X_Ssw,0.0
164_X_Tongaat,0.0
164_X_Uct1&2,0.0
166_X_Absa,0.0
166_X_Clicks,0.0
166_X_Distell,0.0
166_X_Impala,0.0
166_X_Oceana1&2,0.0
166_X_Picknpay,0.0
166_X_Sasol,0.0
166_X_Ssw,0.0
166_X_Tongaat,0.0
166_X_Uct1&2,0.0
169_X_Absa,0.0
169_X_Clicks,0.0
169_X_Distell,0.0
169_X_Impala,0.0
169_X_Oceana1&2,0.0
169_X_Picknpay,0.0
169_X_Sasol,0.0
169_X_Ssw,0.0
169_X_Tongaat,0.0
169_X_Uct1&2,0.0
16_X_Absa,0.0
16_X_Clicks,0.0
16_X_Distell,0.0
16_X_Impala,0.0
16_X_Oceana1&2,0.0
16_X_Picknpay,0.0
16_X_Sasol,0.0
16_X_Ssw,0.0
16_X_Tongaat,0.0
16_X_Uct1&2,0.0
170_X_Absa,0.0
170_X_Clicks,0.0
170_X_Distell,0.0
170_X_Impala,0.0
170_X_Oceana1&2,0.0
170_X_Picknpay,0.0
170_X_Sasol,0.0
170_X_Ssw,0.0
170_X_Tongaat,0.0
170_X_Uct1&2,0.0
172_X_Absa,0.0
172_X_Clicks,0.0
172_X_Distell,0.0
172_X_Impala,0.0
172_X_Oceana1&2,0.0
172_X_Picknpay,0.0
172_X_Sasol,0.0
172_X_Ssw,0.0
172_X_Tongaat,0.0
172_X_Uct1&2,0.0
179_X_Absa,0.0
179_X_Clicks,0.0
179_X_Distell,0.0
179_X_Impala,0.0
179_X_Oceana1&2,0.0
179_X_Picknpay,0.0
179_X_Sasol,0.0
179_X_Ssw,0.0
179_X_Tongaat,0.0
179_X_Uct1&2,0.0
17_X_Absa,0.0
17_X_Clicks,0.0
17_X_Distell,0.0
17_X_Impala,0.0
17_X_Oceana1&2,0.0
17_X_Picknpay,0.0
17_X_Sasol,0.0
17_X_Ssw,0.0
17_X_Tongaat,0.0
17_X_Uct1&2,0.0
183_X_Absa,0.0
183_X_Clicks,0.0
183_X_Distell,0.0
183_X_Impala,0.0
183_X_Oceana1&2,0.0
183_X_Picknpay,0.0
183_X_Sasol,0.0
183_X_Ssw,0.0
183_X_Tongaat,0.0
183_X_Uct1&2,0.0
185_X_Absa,0.0
185_X_Clicks,0.0
185_X_Distell,0.0
185_X_Impala,0.0
185_X_Oceana1&2,0.0
185_X_Picknpay,0.0
185_X_Sasol,0.0
185_X_Ssw,0.0
185_X_Tongaat,0.0
185_X_Uct1&2,0.0
187_X_Absa,0.0
187_X_Clicks,0.0
187_X_Distell,0.0
187_X_Impala,0.0
187_X_Oceana1&2,0.0
187_X_Picknpay,0.0
187_X_Sasol,0.0
187_X_Ssw,0.0
187_X_Tongaat,0.0
187_X_Uct1&2,0.0
188_X_Absa,0.0
188_X_Clicks,0.0
188_X_Distell,0.0
188_X_Impala,0.0
188_X_Oceana1&2,0.0
188_X_Picknpay,0.0
188_X_Sasol,0.0
188_X_Ssw,0.0
188_X_Tongaat,0.0
188_X_Uct1&2,0.0
189_X_Absa,0.0
189_X_Clicks,0.0
189_X_Distell,0.0
189_X_Impala,0.0
189_X_Oceana1&2,0.0
189_X_Picknpay,0.0
189_X_Sasol,0.0
189_X_Ssw,0.0
189_X_Tongaat,0.0
189_X_Uct1&2,0.0
18_X_Absa,0.0
18_X_Clicks,0.0
18_X_Distell,0.0
18_X_Impala,0.0
18_X_Oceana1&2,0.0
18_X_Picknpay,0.0
18_X_Sasol,0.0
18_X_Ssw,0.0
18_X_Tongaat,0.0
18_X_Uct1&2,0.0
190_X_Absa,0.0
190_X_Clicks,0.0
190_X_Distell,0.0
190_X_Impala,0.0
190_X_Oceana1&2,0.0
190_X_Picknpay,0.0
190_X_Sasol,0.0
190_X_Ssw,0.0
190_X_Tongaat,0.0
190_X_Uct1&2,0.0
191_X_Absa,0.0
191_X_Clicks,0.0
191_X_Distell,0.0
191_X_Impala,0.0
191_X_Oceana1&2,0.0
191_X_Picknpay,0.0
191_X_Sasol,0.0
191_X_Ssw,0.0
191_X_Tongaat,0.0
191_X_Uct1&2,0.0
193_X_Absa,0.0
193_X_Clicks,0.0
193_X_Distell,0.0
193_X_Impala,0.0
193_X_Oceana1&2,0.0
193_X_Picknpay,0.0
193_X_Sasol,0.0
193_X_Ssw,0.0
193_X_Tongaat,0.0
193_X_Uct1&2,0.0
194_X_Absa,0.0
194_X_Clicks,0.0
194_X_Distell,0.0
194_X_Impala,0.0
194_X_Oceana1&2,0.0
194_X_Picknpay,0.0
194_X_Sasol,0.0
194_X_Ssw,0.0
194_X_Tongaat,0.0
194_X_Uct1&2,0.0
195_X_Absa,0.0
195_X_Clicks,0.0
195_X_Distell,0.0
195_X_Impala,0.0
195_X_Oceana1&2,0.0
195_X_Picknpay,0.0
195_X_Sasol,0.0
195_X_Ssw,0.0
195_X_Tongaat,0.0
195_X_Uct1&2,0.0
196_X_Absa,0.0
196_X_Clicks,0.0
196_X_Distell,0.0
196_X_Impala,0.0
196_X_Oceana1&2,0.0
196_X_Picknpay,0.0
196_X_Sasol,0.0
196_X_Ssw,0.0
196_X_Tongaat,0.0
196_X_Uct1&2,0.0
197_X_Absa,0.0
197_X_Clicks,0.0
197_X_Distell,0.0
197_X_Impala,0.0
197_X_Oceana1&2,0.0
197_X_Picknpay,0.0
197_X_Sasol,0.0
197_X_Ssw,0.0
197_X_Tongaat,0.0
197_X_Uct1&2,0.0
198_X_Absa,0.0
198_X_Clicks,0.0
198_X_Distell,0.0
198_X_Impala,0.0
198_X_Oceana1&2,0.0
198_X_Picknpay,0.0
198_X_Sasol,0.0
198_X_Ssw,0.0
198_X_Tongaat,0.0
198_X_Uct1&2,0.0
203_X_Absa,0.0
203_X_Clicks,0.0
203_X_Distell,0.0
203_X_Impala,0.0
203_X_Oceana1&2,0.0
203_X_Picknpay,0.0
203_X_Sasol,0.0
203_X_Ssw,0.0
203_X_Tongaat,0.0
203_X_Uct1&2,0.0
20_X_Absa,0.0
20_X_Clicks,0.0
20_X_Distell,0.0
20_X_Impala,0.0
20_X_Oceana1&2,0.0
20_X_Picknpay,0.0
20_X_Sasol,0.0
20_X_Ssw,0.0
20_X_Tongaat,0.0
20_X_Uct1&2,0.0
212_X_Absa,0.0
212_X_Clicks,0.0
212_X_Distell,0.0
212_X_Impala,0.0
212_X_Oceana1&2,0.0
212_X_Picknpay,0.0
212_X_Sasol,0.0
212_X_Ssw,0.0
212_X_Tongaat,0.0
212_X_Uct1&2,0.0
213_X_Absa,0.0
213_X_Clicks,0.0
213_X_Distell,0.0
213_X_Impala,0.0
213_X_Oceana1&2,0.0
213_X_Picknpay,0.0
213_X_Sasol,0.0
213_X_Ssw,0.0
213_X_Tongaat,0.0
213_X_Uct1&2,0.0
214_X_Absa,0.0
214_X_Clicks,0.0
214_X_Distell,0.0
214_X_Impala,0.0
214_X_Oceana1&2,0.0
214_X_Picknpay,0.0
214_X_Sasol,0.0
214_X_Ssw,0.0
214_X_Tongaat,0.0
214_X_Uct1&2,0.0
216_X_Absa,0.0
216_X_Clicks,0.0
216_X_Distell,0.0
216_X_Impala,0.0
216_X_Oceana1&2,0.0
216_X_Picknpay,0.0
216_X_Sasol,0.0
216_X_Ssw,0.0
216_X_Tongaat,0.0
216_X_Uct1&2,0.0
219_X_Absa,0.0
219_X_Clicks,0.0
219_X_Distell,0.0
219_X_Impala,0.0
219_X_Oceana1&2,0.0
219_X_Picknpay,0.0
219_X_Sasol,0.0
219_X_Ssw,0.0
219_X_Tongaat,0.0
219_X_Uct1&2,0.0
21_X_Absa,0.0
21_X_Clicks,0.0
21_X_Distell,0.0
21_X_Impala,0.0
21_X_Oceana1&2,0.0
21_X_Picknpay,0.0
21_X_Sasol,0.0
21_X_Ssw,0.0
21_X_Tongaat,0.0
21_X_Uct1&2,0.0
220_X_Absa,0.0
220_X_Clicks,0.0
220_X_Distell,0.0
220_X_Impala,0.0
220_X_Oceana1&2,0.0
220_X_Picknpay,0.0
220_X_Sasol,0.0
220_X_Ssw,0.0
220_X_Tongaat,0.0
220_X_Uct1&2,0.0
222_X_Absa,0.0
222_X_Clicks,0.0
222_X_Distell,0.0
222_X_Impala,0.0
222_X_Oceana1&2,0.0
222_X_Picknpay,0.0
222_X_Sasol,0.0
222_X_Ssw,0.0
222_X_Tongaat,0.0
222_X_Uct1&2,0.0
226_X_Absa,0.0
226_X_Clicks,0.0
226_X_Distell,0.0
226_X_Impala,0.0
226_X_Oceana1&2,0.0
226_X_Picknpay,0.0
226_X_Sasol,0.0
226_X_Ssw,0.0
226_X_Tongaat,0.0
226_X_Uct1&2,0.0
228_X_Absa,0.0
228_X_Clicks,0.0
228_X_Distell,0.0
228_X_Impala,0.0
228_X_Oceana1&2,0.0
228_X_Picknpay,0.0
228_X_Sasol,0.0
228_X_Ssw,0.0
228_X_Tongaat,0.0
228_X_Uct1&2,0.0
229_X_Absa,0.0
229_X_Clicks,0.0
229_X_Distell,0.0
229_X_Impala,0.0
229_X_Oceana1&2,0.0
229_X_Picknpay,0.0
229_X_Sasol,0.0
229_X_Ssw,0.0
229_X_Tongaat,0.0
229_X_Uct1&2,0.0
232_X_Absa,0.0
232_X_Clicks,0.0
232_X_Distell,0.0
232_X_Impala,0.0
232_X_Oceana1&2,0.0
232_X_Picknpay,0.0
232_X_Sasol,0.0
232_X_Ssw,0.0
232_X_Tongaat,0.0
232_X_Uct1&2,0.0
236_X_Absa,0.0
236_X_Clicks,0.0
236_X_Distell,0.0
236_X_Impala,0.0
236_X_Oceana1&2,0.0
236_X_Picknpay,0.0
236_X_Sasol,0.0
236_X_Ssw,0.0
236_X_Tongaat,0.0
236_X_Uct1&2,0.0
243_X_Absa,0.0
243_X_Clicks,0.0
243_X_Distell,0.0
243_X_Impala,0.0
243_X_Oceana1&2,0.0
243_X_Picknpay,0.0
243_X_Sasol,0.0
243_X_Ssw,0.0
243_X_Tongaat,0.0
243_X_Uct1&2,0.0
244_X_Absa,0.0
244_X_Clicks,0.0
244_X_Distell,0.0
244_X_Impala,0.0
244_X_Oceana1&2,0.0
244_X_Picknpay,0.0
244_X_Sasol,0.0
244_X_Ssw,0.0
244_X_Tongaat,0.0
244_X_Uct1&2,0.0
246_X_Absa,0.0
246_X_Clicks,0.0
246_X_Distell,0.0
246_X_Impala,0.0
246_X_Oceana1&2,0.0
246_X_Picknpay,0.0
246_X_Sasol,0.0
246_X_Ssw,0.0
246_X_Tongaat,0.0
246_X_Uct1&2,0.0
252_X_Absa,0.0
252_X_Clicks,0.0
252_X_Distell,0.0
252_X_Impala,0.0
252_X_Oceana1&2,0.0
252_X_Picknpay,0.0
252_X_Sasol,0.0
252_X_Ssw,0.0
252_X_Tongaat,0.0
252_X_Uct1&2,0.0
259_X_Absa,0.0
259_X_Clicks,0.0
259_X_Distell,0.0
259_X_Impala,0.0
259_X_Oceana1&2,0.0
259_X_Picknpay,0.0
259_X_Sasol,0.0
259_X_Ssw,0.0
259_X_Tongaat,0.0
259_X_Uct1&2,0.0
262_X_Absa,0.0
262_X_Clicks,0.0
262_X_Distell,0.0
262_X_Impala,0.0
262_X_Oceana1&2,0.0
262_X_Picknpay,0.0
262_X_Sasol,0.0
262_X_Ssw,0.0
262_X_Tongaat,0.0
262_X_Uct1&2,0.0
265_X_Absa,0.0
265_X_Clicks,0.0
265_X_Distell,0.0
265_X_Impala,0.0
265_X_Oceana1&2,0.0
265_X_Picknpay,0.0
265_X_Sasol,0.0
265_X_Ssw,0.0
265_X_Tongaat,0.0
265_X_Uct1&2,0.0
267_X_Absa,0.0
267_X_Clicks,0.0
267_X_Distell,0.0
267_X_Impala,0.0
267_X_Oceana1&2,0.0
267_X_Picknpay,0.0
267_X_Sasol,0.0
267_X_Ssw,0.0
267_X_Tongaat,0.0
267_X_Uct1&2,0.0
268_X_Absa,0.0
268_X_Clicks,0.0
268_X_Distell,0.0
268_X_Impala,0.0
268_X_Oceana1&2,0.0
268_X_Picknpay,0.0
268_X_Sasol,0.0
268_X_Ssw,0.0
268_X_Tongaat,0.0
268_X_Uct1&2,0.0
269_X_Absa,0.0
269_X_Clicks,0.0
269_X_Distell,0.0
269_X_Impala,0.0
269_X_Oceana1&2,0.0
269_X_Picknpay,0.0
269_X_Sasol,0.0
269_X_Ssw,0.0
269_X_Tongaat,0.0
269_X_Uct1&2,0.0
26_X_Absa,0.0
26_X_Clicks,0.0
26_X_Distell,0.0
26_X_Impala,0.0
26_X_Oceana1&2,0.0
26_X_Picknpay,0.0
26_X_Sasol,0.0
26_X_Ssw,0.0
26_X_Tongaat,0.0
26_X_Uct1&2,0.0
273_X_Absa,0.0
273_X_Clicks,0.0
273_X_Distell,0.0
273_X_Impala,0.0
273_X_Oceana1&2,0.0
273_X_Picknpay,0.0
273_X_Sasol,0.0
273_X_Ssw,0.0
273_X_Tongaat,0.0
273_X_Uct1&2,0.0
274_X_Absa,0.0
274_X_Clicks,0.0
274_X_Distell,0.0
274_X_Impala,0.0
274_X_Oceana1&2,0.0
274_X_Picknpay,0.0
274_X_Sasol,0.0
274_X_Ssw,0.0
274_X_Tongaat,0.0
274_X_Uct1&2,0.0
275_X_Absa,0.0
275_X_Clicks,0.0
275_X_Distell,0.0
275_X_Impala,0.0
275_X_Oceana1&2,0.0
275_X_Picknpay,0.0
275_X_Sasol,0.0
275_X_Ssw,0.0
275_X_Tongaat,0.0
275_X_Uct1&2,0.0
276_X_Absa,0.0
276_X_Clicks,0.0
276_X_Distell,0.0
276_X_Impala,0.0
276_X_Oceana1&2,0.0
276_X_Picknpay,0.0
276_X_Sasol,0.0
276_X_Ssw,0.0
276_X_Tongaat,0.0
276_X_Uct1&2,0.0
277_X_Absa,0.0
277_X_Clicks,0.0
277_X_Distell,0.0
277_X_Impala,0.0
277_X_Oceana1&2,0.0
277_X_Picknpay,0.0
277_X_Sasol,0.0
277_X_Ssw,0.0
277_X_Tongaat,0.0
277_X_Uct1&2,0.0
278_X_Absa,0.0
278_X_Clicks,0.0
278_X_Distell,0.0
278_X_Impala,0.0
278_X_Oceana1&2,0.0
278_X_Picknpay,0.0
278_X_Sasol,0.0
278_X_Ssw,0.0
278_X_Tongaat,0.0
278_X_Uct1&2,0.0
279_X_Absa,0.0
279_X_Clicks,0.0
279_X_Distell,0.0
279_X_Impala,0.0
279_X_Oceana1&2,0.0
279_X_Picknpay,0.0
279_X_Sasol,0.0
279_X_Ssw,0.0
279_X_Tongaat,0.0
279_X_Uct1&2,0.0
27_X_Absa,0.0
27_X_Clicks,0.0
27_X_Distell,0.0
27_X_Impala,0.0
27_X_Oceana1&2,0.0
27_X_Picknpay,0.0
27_X_Sasol,0.0
27_X_Ssw,0.0
27_X_Tongaat,0.0
27_X_Uct1&2,0.0
281_X_Absa,0.0
281_X_Clicks,0.0
281_X_Distell,0.0
281_X_Impala,0.0
281_X_Oceana1&2,0.0
281_X_Picknpay,0.0
281_X_Sasol,0.0
281_X_Ssw,0.0
281_X_Tongaat,0.0
281_X_Uct1&2,0.0
282_X_Absa,0.0
282_X_Clicks,0.0
282_X_Distell,0.0
282_X_Impala,0.0
282_X_Oceana1&2,0.0
282_X_Picknpay,0.0
282_X_Sasol,0.0
282_X_Ssw,0.0
282_X_Tongaat,0.0
282_X_Uct1&2,0.0
285_X_Absa,0.0
285_X_Clicks,0.0
285_X_Distell,0.0
285_X_Impala,0.0
285_X_Oceana1&2,0.0
285_X_Picknpay,0.0
285_X_Sasol,0.0
285_X_Ssw,0.0
285_X_Tongaat,0.0
285_X_Uct1&2,0.0
286_X_Absa,0.0
286_X_Clicks,0.0
286_X_Distell,0.0
286_X_Impala,0.0
286_X_Oceana1&2,0.0
286_X_Picknpay,0.0
286_X_Sasol,0.0
286_X_Ssw,0.0
286_X_Tongaat,0.0
286_X_Uct1&2,0.0
287_X_Absa,0.0
287_X_Clicks,0.0
287_X_Distell,0.0
287_X_Impala,0.0
287_X_Oceana1&2,0.0
287_X_Picknpay,0.0
287_X_Sasol,0.0
287_X_Ssw,0.0
287_X_Tongaat,0.0
287_X_Uct1&2,0.0
288_X_Absa,0.0
288_X_Clicks,0.0
288_X_Distell,0.0
288_X_Impala,0.0
288_X_Oceana1&2,0.0
288_X_Picknpay,0.0
288_X_Sasol,0.0
288_X_Ssw,0.0
288_X_Tongaat,0.0
288_X_Uct1&2,0.0
289_X_Absa,0.0
289_X_Clicks,0.0
289_X_Distell,0.0
289_X_Impala,0.0
289_X_Oceana1&2,0.0
289_X_Picknpay,0.0
289_X_Sasol,0.0
289_X_Ssw,0.0
289_X_Tongaat,0.0
289_X_Uct1&2,0.0
28_X_Absa,0.0
28_X_Clicks,0.0
28_X_Distell,0.0
28_X_Impala,0.0
28_X_Oceana1&2,0.0
28_X_Picknpay,0.0
28_X_Sasol,0.0
28_X_Ssw,0.0
28_X_Tongaat,0.0
28_X_Uct1&2,0.0
290_X_Absa,0.0
290_X_Clicks,0.0
290_X_Distell,0.0
290_X_Impala,0.0
290_X_Oceana1&2,0.0
290_X_Picknpay,0.0
290_X_Sasol,0.0
290_X_Ssw,0.0
290_X_Tongaat,0.0
290_X_Uct1&2,0.0
291_X_Absa,0.0
291_X_Clicks,0.0
291_X_Distell,0.0
291_X_Impala,0.0
291_X_Oceana1&2,0.0
291_X_Picknpay,0.0
291_X_Sasol,0.0
291_X_Ssw,0.0
291_X_Tongaat,0.0
291_X_Uct1&2,0.0
293_X_Absa,0.0
293_X_Clicks,0.0
293_X_Distell,0.0
293_X_Impala,0.0
293_X_Oceana1&2,0.0
293_X_Picknpay,0.0
293_X_Sasol,0.0
293_X_Ssw,0.0
293_X_Tongaat,0.0
293_X_Uct1&2,0.0
294_X_Absa,0.0
294_X_Clicks,0.0
294_X_Distell,0.0
294_X_Impala,0.0
294_X_Oceana1&2,0.0
294_X_Picknpay,0.0
294_X_Sasol,0.0
294_X_Ssw,0.0
294_X_Tongaat,0.0
294_X_Uct1&2,0.0
295_X_Absa,0.0
295_X_Clicks,0.0
295_X_Distell,0.0
295_X_Impala,0.0
295_X_Oceana1&2,0.0
295_X_Picknpay,0.0
295_X_Sasol,0.0
295_X_Ssw,0.0
295_X_Tongaat,0.0
295_X_Uct1&2,0.0
298_X_Absa,0.0
298_X_Clicks,0.0
298_X_Distell,0.0
298_X_Impala,0.0
298_X_Oceana1&2,0.0
298_X_Picknpay,0.0
298_X_Sasol,0.0
298_X_Ssw,0.0
298_X_Tongaat,0.0
298_X_Uct1&2,0.0
29_X_Absa,0.0
29_X_Clicks,0.0
29_X_Distell,0.0
29_X_Impala,0.0
29_X_Oceana1&2,0.0
29_X_Picknpay,0.0
29_X_Sasol,0.0
29_X_Ssw,0.0
29_X_Tongaat,0.0
29_X_Uct1&2,0.0
300_X_Absa,0.0
300_X_Clicks,0.0
300_X_Distell,0.0
300_X_Impala,0.0
300_X_Oceana1&2,0.0
300_X_Picknpay,0.0
300_X_Sasol,0.0
300_X_Ssw,0.0
300_X_Tongaat,0.0
300_X_Uct1&2,0.0
302_X_Absa,0.0
302_X_Clicks,0.0
302_X_Distell,0.0
302_X_Impala,0.0
302_X_Oceana1&2,0.0
302_X_Picknpay,0.0
302_X_Sasol,0.0
302_X_Ssw,0.0
302_X_Tongaat,0.0
302_X_Uct1&2,0.0
308_X_Absa,0.0
308_X_Clicks,0.0
308_X_Distell,0.0
308_X_Impala,0.0
308_X_Oceana1&2,0.0
308_X_Picknpay,0.0
308_X_Sasol,0.0
308_X_Ssw,0.0
308_X_Tongaat,0.0
308_X_Uct1&2,0.0
311_X_Absa,0.0
311_X_Clicks,0.0
311_X_Distell,0.0
311_X_Impala,0.0
311_X_Oceana1&2,0.0
311_X_Picknpay,0.0
311_X_Sasol,0.0
311_X_Ssw,0.0
311_X_Tongaat,0.0
311_X_Uct1&2,0.0
314_X_Absa,0.0
314_X_Clicks,0.0
314_X_Distell,0.0
314_X_Impala,0.0
314_X_Oceana1&2,0.0
314_X_Picknpay,0.0
314_X_Sasol,0.0
314_X_Ssw,0.0
314_X_Tongaat,0.0
314_X_Uct1&2,0.0
316_X_Absa,0.0
316_X_Clicks,0.0
316_X_Distell,0.0
316_X_Impala,0.0
316_X_Oceana1&2,0.0
316_X_Picknpay,0.0
316_X_Sasol,0.0
316_X_Ssw,0.0
316_X_Tongaat,0.0
316_X_Uct1&2,0.0
317_X_Absa,0.0
317_X_Clicks,0.0
317_X_Distell,0.0
317_X_Impala,0.0
317_X_Oceana1&2,0.0
317_X_Picknpay,0.0
317_X_Sasol,0.0
317_X_Ssw,0.0
317_X_Tongaat,0.0
317_X_Uct1&2,0.0
318_X_Absa,0.0
318_X_Clicks,0.0
318_X_Distell,0.0
318_X_Impala,0.0
318_X_Oceana1&2,0.0
318_X_Picknpay,0.0
318_X_Sasol,0.0
318_X_Ssw,0.0
318_X_Tongaat,0.0
318_X_Uct1&2,0.0
319_X_Absa,0.0
319_X_Clicks,0.0
319_X_Distell,0.0
319_X_Impala,0.0
319_X_Oceana1&2,0.0
319_X_Picknpay,0.0
319_X_Sasol,0.0
319_X_Ssw,0.0
319_X_Tongaat,0.0
319_X_Uct1&2,0.0
31_X_Absa,0.0
31_X_Clicks,0.0
31_X_Distell,0.0
31_X_Impala,0.0
31_X_Oceana1&2,0.0
31_X_Picknpay,0.0
31_X_Sasol,0.0
31_X_Ssw,0.0
31_X_Tongaat,0.0
31_X_Uct1&2,0.0
321_X_Absa,0.0
321_X_Clicks,0.0
321_X_Distell,0.0
321_X_Impala,0.0
321_X_Oceana1&2,0.0
321_X_Picknpay,0.0
321_X_Sasol,0.0
321_X_Ssw,0.0
321_X_Tongaat,0.0
321_X_Uct1&2,0.0
323_X_Absa,0.0
323_X_Clicks,0.0
323_X_Distell,0.0
323_X_Impala,0.0
323_X_Oceana1&2,0.0
323_X_Picknpay,0.0
323_X_Sasol,0.0
323_X_Ssw,0.0
323_X_Tongaat,0.0
323_X_Uct1&2,0.0
324_X_Absa,0.0
324_X_Clicks,0.0
324_X_Distell,0.0
324_X_Impala,0.0
324_X_Oceana1&2,0.0
324_X_Picknpay,0.0
324_X_Sasol,0.0
324_X_Ssw,0.0
324_X_Tongaat,0.0
324_X_Uct1&2,0.0
325_X_Absa,0.0
325_X_Clicks,0.0
325_X_Distell,0.0
325_X_Impala,0.0
325_X_Oceana1&2,0.0
325_X_Picknpay,0.0
325_X_Sasol,0.0
325_X_Ssw,0.0
325_X_Tongaat,0.0
325_X_Uct1&2,0.0
326_X_Absa,0.0
326_X_Clicks,0.0
326_X_Distell,0.0
326_X_Impala,0.0
326_X_Oceana1&2,0.0
326_X_Picknpay,0.0
326_X_Sasol,0.0
326_X_Ssw,0.0
326_X_Tongaat,0.0
326_X_Uct1&2,0.0
331_X_Absa,0.0
331_X_Clicks,0.0
331_X_Distell,0.0
331_X_Impala,0.0
331_X_Oceana1&2,0.0
331_X_Picknpay,0.0
331_X_Sasol,0.0
331_X_Ssw,0.0
331_X_Tongaat,0.0
331_X_Uct1&2,0.0
332_X_Absa,0.0
332_X_Clicks,0.0
332_X_Distell,0.0
332_X_Impala,0.0
332_X_Oceana1&2,0.0
332_X_Picknpay,0.0
332_X_Sasol,0.0
332_X_Ssw,0.0
332_X_Tongaat,0.0
332_X_Uct1&2,0.0
333_X_Absa,0.0
333_X_Clicks,0.0
333_X_Distell,0.0
333_X_Impala,0.0
333_X_Oceana1&2,0.0
333_X_Picknpay,0.0
333_X_Sasol,0.0
333_X_Ssw,0.0
333_X_Tongaat,0.0
333_X_Uct1&2,0.0
334_X_Absa,0.0
334_X_Clicks,0.0
334_X_Distell,0.0
334_X_Impala,0.0
334_X_Oceana1&2,0.0
334_X_Picknpay,0.0
334_X_Sasol,0.0
334_X_Ssw,0.0
334_X_Tongaat,0.0
334_X_Uct1&2,0.0
338_X_Absa,0.0
338_X_Clicks,0.0
338_X_Distell,0.0
338_X_Impala,0.0
338_X_Oceana1&2,0.0
338_X_Picknpay,0.0
338_X_Sasol,0.0
338_X_Ssw,0.0
338_X_Tongaat,0.0
338_X_Uct1&2,0.0
339_X_Absa,0.0
339_X_Clicks,0.0
339_X_Distell,0.0
339_X_Impala,0.0
339_X_Oceana1&2,0.0
339_X_Picknpay,0.0
339_X_Sasol,0.0
339_X_Ssw,0.0
339_X_Tongaat,0.0
339_X_Uct1&2,0.0
341_X_Absa,0.0
341_X_Clicks,0.0
341_X_Distell,0.0
341_X_Impala,0.0
341_X_Oceana1&2,0.0
341_X_Picknpay,0.0
341_X_Sasol,0.0
341_X_Ssw,0.0
341_X_Tongaat,0.0
341_X_Uct1&2,0.0
343_X_Absa,0.0
343_X_Clicks,0.0
343_X_Distell,0.0
343_X_Impala,0.0
343_X_Oceana1&2,0.0
343_X_Picknpay,0.0
343_X_Sasol,0.0
343_X_Ssw,0.0
343_X_Tongaat,0.0
343_X_Uct1&2,0.0
347_X_Absa,0.0
347_X_Clicks,0.0
347_X_Distell,0.0
347_X_Impala,0.0
347_X_Oceana1&2,0.0
347_X_Picknpay,0.0
347_X_Sasol,0.0
347_X_Ssw,0.0
347_X_Tongaat,0.0
347_X_Uct1&2,0.0
348_X_Absa,0.0
348_X_Clicks,0.0
348_X_Distell,0.0
348_X_Impala,0.0
348_X_Oceana1&2,0.0
348_X_Picknpay,0.0
348_X_Sasol,0.0
348_X_Ssw,0.0
348_X_Tongaat,0.0
348_X_Uct1&2,0.0
349_X_Absa,0.0
349_X_Clicks,0.0
349_X_Distell,0.0
349_X_Impala,0.0
349_X_Oceana1&2,0.0
349_X_Picknpay,0.0
349_X_Sasol,0.0
349_X_Ssw,0.0
349_X_Tongaat,0.0
349_X_Uct1&2,0.0
353_X_Absa,0.0
353_X_Clicks,0.0
353_X_Distell,0.0
353_X_Impala,0.0
353_X_Oceana1&2,0.0
353_X_Picknpay,0.0
353_X_Sasol,0.0
353_X_Ssw,0.0
353_X_Tongaat,0.0
353_X_Uct1&2,0.0
356_X_Absa,0.0
356_X_Clicks,0.0
356_X_Distell,0.0
356_X_Impala,0.0
356_X_Oceana1&2,0.0
356_X_Picknpay,0.0
356_X_Sasol,0.0
356_X_Ssw,0.0
356_X_Tongaat,0.0
356_X_Uct1&2,0.0
35_X_Absa,0.0
35_X_Clicks,0.0
35_X_Distell,0.0
35_X_Impala,0.0
35_X_Oceana1&2,0.0
35_X_Picknpay,0.0
35_X_Sasol,0.0
35_X_Ssw,0.0
35_X_Tongaat,0.0
35_X_Uct1&2,0.0
364_X_Absa,0.0
364_X_Clicks,0.0
364_X_Distell,0.0
364_X_Impala,0.0
364_X_Oceana1&2,0.0
364_X_Picknpay,0.0
364_X_Sasol,0.0
364_X_Ssw,0.0
364_X_Tongaat,0.0
364_X_Uct1&2,0.0
366_X_Absa,0.0
366_X_Clicks,0.0
366_X_Distell,0.0
366_X_Impala,0.0
366_X_Oceana1&2,0.0
366_X_Picknpay,0.0
366_X_Sasol,0.0
366_X_Ssw,0.0
366_X_Tongaat,0.0
366_X_Uct1&2,0.0
367_X_Absa,0.0
367_X_Clicks,0.0
367_X_Distell,0.0
367_X_Impala,0.0
367_X_Oceana1&2,0.0
367_X_Picknpay,0.0
367_X_Sasol,0.0
367_X_Ssw,0.0
367_X_Tongaat,0.0
367_X_Uct1&2,0.0
368_X_Absa,0.0
368_X_Clicks,0.0
368_X_Distell,0.0
368_X_Impala,0.0
368_X_Oceana1&2,0.0
368_X_Picknpay,0.0
368_X_Sasol,0.0
368_X_Ssw,0.0
368_X_Tongaat,0.0
368_X_Uct1&2,0.0
369_X_Absa,0.0
369_X_Clicks,0.0
369_X_Distell,0.0
369_X_Impala,0.0
369_X_Oceana1&2,0.0
369_X_Picknpay,0.0
369_X_Sasol,0.0
369_X_Ssw,0.0
369_X_Tongaat,0.0
369_X_Uct1&2,0.0
376_X_Absa,0.0
376_X_Clicks,0.0
376_X_Distell,0.0
376_X_Impala,0.0
376_X_Oceana1&2,0.0
376_X_Picknpay,0.0
376_X_Sasol,0.0
376_X_Ssw,0.0
376_X_Tongaat,0.0
376_X_Uct1&2,0.0
379_X_Absa,0.0
379_X_Clicks,0.0
379_X_Distell,0.0
379_X_Impala,0.0
379_X_Oceana1&2,0.0
379_X_Picknpay,0.0
379_X_Sasol,0.0
379_X_Ssw,0.0
379_X_Tongaat,0.0
379_X_Uct1&2,0.0
380_X_Absa,0.0
380_X_Clicks,0.0
380_X_Distell,0.0
380_X_Impala,0.0
380_X_Oceana1&2,0.0
380_X_Picknpay,0.0
380_X_Sasol,0.0
380_X_Ssw,0.0
380_X_Tongaat,0.0
380_X_Uct1&2,0.0
382_X_Absa,0.0
382_X_Clicks,0.0
382_X_Distell,0.0
382_X_Impala,0.0
382_X_Oceana1&2,0.0
382_X_Picknpay,0.0
382_X_Sasol,0.0
382_X_Ssw,0.0
382_X_Tongaat,0.0
382_X_Uct1&2,0.0
385_X_Absa,0.0
385_X_Clicks,0.0
385_X_Distell,0.0
385_X_Impala,0.0
385_X_Oceana1&2,0.0
385_X_Picknpay,0.0
385_X_Sasol,0.0
385_X_Ssw,0.0
385_X_Tongaat,0.0
385_X_Uct1&2,0.0
38_X_Absa,0.0
38_X_Clicks,0.0
38_X_Distell,0.0
38_X_Impala,0.0
38_X_Oceana1&2,0.0
38_X_Picknpay,0.0
38_X_Sasol,0.0
38_X_Ssw,0.0
38_X_Tongaat,0.0
38_X_Uct1&2,0.0
390_X_Absa,0.0
390_X_Clicks,0.0
390_X_Distell,0.0
390_X_Impala,0.0
390_X_Oceana1&2,0.0
390_X_Picknpay,0.0
390_X_Sasol,0.0
390_X_Ssw,0.0
390_X_Tongaat,0.0
390_X_Uct1&2,0.0
393_X_Absa,0.0
393_X_Clicks,0.0
393_X_Distell,0.0
393_X_Impala,0.0
393_X_Oceana1&2,0.0
393_X_Picknpay,0.0
393_X_Sasol,0.0
393_X_Ssw,0.0
393_X_Tongaat,0.0
393_X_Uct1&2,0.0
394_X_Absa,0.0
394_X_Clicks,0.0
394_X_Distell,0.0
394_X_Impala,0.0
394_X_Oceana1&2,0.0
394_X_Picknpay,0.0
394_X_Sasol,0.0
394_X_Ssw,0.0
394_X_Tongaat,0.0
394_X_Uct1&2,0.0
397_X_Absa,0.0
397_X_Clicks,0.0
397_X_Distell,0.0
397_X_Impala,0.0
397_X_Oceana1&2,0.0
397_X_Picknpay,0.0
397_X_Sasol,0.0
397_X_Ssw,0.0
397_X_Tongaat,0.0
397_X_Uct1&2,0.0
398_X_Absa,0.0
398_X_Clicks,0.0
398_X_Distell,0.0
398_X_Impala,0.0
398_X_Oceana1&2,0.0
398_X_Picknpay,0.0
398_X_Sasol,0.0
398_X_Ssw,0.0
398_X_Tongaat,0.0
398_X_Uct1&2,0.0
399_X_Absa,0.0
399_X_Clicks,0.0
399_X_Distell,0.0
399_X_Impala,0.0
399_X_Oceana1&2,0.0
399_X_Picknpay,0.0
399_X_Sasol,0.0
399_X_Ssw,0.0
399_X_Tongaat,0.0
399_X_Uct1&2,0.0
3_X_Absa,0.0
3_X_Clicks,0.0
3_X_Distell,0.0
3_X_Impala,0.0
3_X_Oceana1&2,0.0
3_X_Picknpay,0.0
3_X_Sasol,0.0
3_X_Ssw,0.0
3_X_Tongaat,0.0
3_X_Uct1&2,0.0
400_X_Absa,0.0
400_X_Clicks,0.0
400_X_Distell,0.0
400_X_Impala,0.0
400_X_Oceana1&2,0.0
400_X_Picknpay,0.0
400_X_Sasol,0.0
400_X_Ssw,0.0
400_X_Tongaat,0.0
400_X_Uct1&2,0.0
404_X_Absa,0.0
404_X_Clicks,0.0
404_X_Distell,0.0
404_X_Impala,0.0
404_X_Oceana1&2,0.0
404_X_Picknpay,0.0
404_X_Sasol,0.0
404_X_Ssw,0.0
404_X_Tongaat,0.0
404_X_Uct1&2,0.0
406_X_Absa,0.0
406_X_Clicks,0.0
406_X_Distell,0.0
406_X_Impala,0.0
406_X_Oceana1&2,0.0
406_X_Picknpay,0.0
406_X_Sasol,0.0
406_X_Ssw,0.0
406_X_Tongaat,0.0
406_X_Uct1&2,0.0
407_X_Absa,0.0
407_X_Clicks,0.0
407_X_Distell,0.0
407_X_Impala,0.0
407_X_Oceana1&2,0.0
407_X_Picknpay,0.0
407_X_Sasol,0.0
407_X_Ssw,0.0
407_X_Tongaat,0.0
407_X_Uct1&2,0.0
414_X_Absa,0.0
414_X_Clicks,0.0
414_X_Distell,0.0
414_X_Impala,0.0
414_X_Oceana1&2,0.0
414_X_Picknpay,0.0
414_X_Sasol,0.0
414_X_Ssw,0.0
414_X_Tongaat,0.0
414_X_Uct1&2,0.0
418_X_Absa,0.0
418_X_Clicks,0.0
418_X_Distell,0.0
418_X_Impala,0.0
418_X_Oceana1&2,0.0
418_X_Picknpay,0.0
418_X_Sasol,0.0
418_X_Ssw,0.0
418_X_Tongaat,0.0
418_X_Uct1&2,0.0
41_X_Absa,0.0
41_X_Clicks,0.0
41_X_Distell,0.0
41_X_Impala,0.0
41_X_Oceana1&2,0.0
41_X_Picknpay,0.0
41_X_Sasol,0.0
41_X_Ssw,0.0
41_X_Tongaat,0.0
41_X_Uct1&2,0.0
421_X_Absa,0.0
421_X_Clicks,0.0
421_X_Distell,0.0
421_X_Impala,0.0
421_X_Oceana1&2,0.0
421_X_Picknpay,0.0
421_X_Sasol,0.0
421_X_Ssw,0.0
421_X_Tongaat,0.0
421_X_Uct1&2,0.0
42_X_Absa,0.0
42_X_Clicks,0.0
42_X_Distell,0.0
42_X_Impala,0.0
42_X_Oceana1&2,0.0
42_X_Picknpay,0.0
42_X_Sasol,0.0
42_X_Ssw,0.0
42_X_Tongaat,0.0
42_X_Uct1&2,0.0
430_X_Absa,0.0
430_X_Clicks,0.0
430_X_Distell,0.0
430_X_Impala,0.0
430_X_Oceana1&2,0.0
430_X_Picknpay,0.0
430_X_Sasol,0.0
430_X_Ssw,0.0
430_X_Tongaat,0.0
430_X_Uct1&2,0.0
432_X_Absa,0.0
432_X_Clicks,0.0
432_X_Distell,0.0
432_X_Impala,0.0
432_X_Oceana1&2,0.0
432_X_Picknpay,0.0
432_X_Sasol,0.0
432_X_Ssw,0.0
432_X_Tongaat,0.0
432_X_Uct1&2,0.0
433_X_Absa,0.0
433_X_Clicks,0.0
433_X_Distell,0.0
433_X_Impala,0.0
433_X_Oceana1&2,0.0
433_X_Picknpay,0.0
433_X_Sasol,0.0
433_X_Ssw,0.0
433_X_Tongaat,0.0
433_X_Uct1&2,0.0
435_X_Absa,0.0
435_X_Clicks,0.0
435_X_Distell,0.0
435_X_Impala,0.0
435_X_Oceana1&2,0.0
435_X_Picknpay,0.0
435_X_Sasol,0.0
435_X_Ssw,0.0
435_X_Tongaat,0.0
435_X_Uct1&2,0.0
439_X_Absa,0.0
439_X_Clicks,0.0
439_X_Distell,0.0
439_X_Impala,0.0
439_X_Oceana1&2,0.0
439_X_Picknpay,0.0
439_X_Sasol,0.0
439_X_Ssw,0.0
439_X_Tongaat,0.0
439_X_Uct1&2,0.0
43_X_Absa,0.0
43_X_Clicks,0.0
43_X_Distell,0.0
43_X_Impala,0.0
43_X_Oceana1&2,0.0
43_X_Picknpay,0.0
43_X_Sasol,0.0
43_X_Ssw,0.0
43_X_Tongaat,0.0
43_X_Uct1&2,0.0
444_X_Absa,0.0
444_X_Clicks,0.0
444_X_Distell,0.0
444_X_Impala,0.0
444_X_Oceana1&2,0.0
444_X_Picknpay,0.0
444_X_Sasol,0.0
444_X_Ssw,0.0
444_X_Tongaat,0.0
444_X_Uct1&2,0.0
445_X_Absa,0.0
445_X_Clicks,0.0
445_X_Distell,0.0
445_X_Impala,0.0
445_X_Oceana1&2,0.0
445_X_Picknpay,0.0
445_X_Sasol,0.0
445_X_Ssw,0.0
445_X_Tongaat,0.0
445_X_Uct1&2,0.0
448_X_Absa,0.0
448_X_Clicks,0.0
448_X_Distell,0.0
448_X_Impala,0.0
448_X_Oceana1&2,0.0
448_X_Picknpay,0.0
448_X_Sasol,0.0
448_X_Ssw,0.0
448_X_Tongaat,0.0
448_X_Uct1&2,0.0
449_X_Absa,0.0
449_X_Clicks,0.0
449_X_Distell,0.0
449_X_Impala,0.0
449_X_Oceana1&2,0.0
449_X_Picknpay,0.0
449_X_Sasol,0.0
449_X_Ssw,0.0
449_X_Tongaat,0.0
449_X_Uct1&2,0.0
44_X_Absa,0.0
44_X_Clicks,0.0
44_X_Distell,0.0
44_X_Impala,0.0
44_X_Oceana1&2,0.0
44_X_Picknpay,0.0
44_X_Sasol,0.0
44_X_Ssw,0.0
44_X_Tongaat,0.0
44_X_Uct1&2,0.0
451_X_Absa,0.0
451_X_Clicks,0.0
451_X_Distell,0.0
451_X_Impala,0.0
451_X_Oceana1&2,0.0
451_X_Picknpay,0.0
451_X_Sasol,0.0
451_X_Ssw,0.0
451_X_Tongaat,0.0
451_X_Uct1&2,0.0
452_X_Absa,0.0
452_X_Clicks,0.0
452_X_Distell,0.0
452_X_Impala,0.0
452_X_Oceana1&2,0.0
452_X_Picknpay,0.0
452_X_Sasol,0.0
452_X_Ssw,0.0
452_X_Tongaat,0.0
452_X_Uct1&2,0.0
453_X_Absa,0.0
453_X_Clicks,0.0
453_X_Distell,0.0
453_X_Impala,0.0
453_X_Oceana1&2,0.0
453_X_Picknpay,0.0
453_X_Sasol,0.0
453_X_Ssw,0.0
453_X_Tongaat,0.0
453_X_Uct1&2,0.0
458_X_Absa,0.0
458_X_Clicks,0.0
458_X_Distell,0.0
458_X_Impala,0.0
458_X_Oceana1&2,0.0
458_X_Picknpay,0.0
458_X_Sasol,0.0
458_X_Ssw,0.0
458_X_Tongaat,0.0
458_X_Uct1&2,0.0
460_X_Absa,0.0
460_X_Clicks,0.0
460_X_Distell,0.0
460_X_Impala,0.0
460_X_Oceana1&2,0.0
460_X_Picknpay,0.0
460_X_Sasol,0.0
460_X_Ssw,0.0
460_X_Tongaat,0.0
460_X_Uct1&2,0.0
461_X_Absa,0.0
461_X_Clicks,0.0
461_X_Distell,0.0
461_X_Impala,0.0
461_X_Oceana1&2,0.0
461_X_Picknpay,0.0
461_X_Sasol,0.0
461_X_Ssw,0.0
461_X_Tongaat,0.0
461_X_Uct1&2,0.0
466_X_Absa,0.0
466_X_Clicks,0.0
466_X_Distell,0.0
466_X_Impala,0.0
466_X_Oceana1&2,0.0
466_X_Picknpay,0.0
466_X_Sasol,0.0
466_X_Ssw,0.0
466_X_Tongaat,0.0
466_X_Uct1&2,0.0
467_X_Absa,0.0
467_X_Clicks,0.0
467_X_Distell,0.0
467_X_Impala,0.0
467_X_Oceana1&2,0.0
467_X_Picknpay,0.0
467_X_Sasol,0.0
467_X_Ssw,0.0
467_X_Tongaat,0.0
467_X_Uct1&2,0.0
468_X_Absa,0.0
468_X_Clicks,0.0
468_X_Distell,0.0
468_X_Impala,0.0
468_X_Oceana1&2,0.0
468_X_Picknpay,0.0
468_X_Sasol,0.0
468_X_Ssw,0.0
468_X_Tongaat,0.0
468_X_Uct1&2,0.0
46_X_Absa,0.0
46_X_Clicks,0.0
46_X_Distell,0.0
46_X_Impala,0.0
46_X_Oceana1&2,0.0
46_X_Picknpay,0.0
46_X_Sasol,0.0
46_X_Ssw,0.0
46_X_Tongaat,0.0
46_X_Uct1&2,0.0
471_X_Absa,0.0
471_X_Clicks,0.0
471_X_Distell,0.0
471_X_Impala,0.0
471_X_Oceana1&2,0.0
471_X_Picknpay,0.0
471_X_Sasol,0.0
471_X_Ssw,0.0
471_X_Tongaat,0.0
471_X_Uct1&2,0.0
473_X_Absa,0.0
473_X_Clicks,0.0
473_X_Distell,0.0
473_X_Impala,0.0
473_X_Oceana1&2,0.0
473_X_Picknpay,0.0
473_X_Sasol,0.0
473_X_Ssw,0.0
473_X_Tongaat,0.0
473_X_Uct1&2,0.0
474_X_Absa,0.0
474_X_Clicks,0.0
474_X_Distell,0.0
474_X_Impala,0.0
474_X_Oceana1&2,0.0
474_X_Picknpay,0.0
474_X_Sasol,0.0
474_X_Ssw,0.0
474_X_Tongaat,0.0
474_X_Uct1&2,0.0
475_X_Absa,0.0
475_X_Clicks,0.0
475_X_Distell,0.0
475_X_Impala,0.0
475_X_Oceana1&2,0.0
475_X_Picknpay,0.0
475_X_Sasol,0.0
475_X_Ssw,0.0
475_X_Tongaat,0.0
475_X_Uct1&2,0.0
476_X_Absa,0.0
476_X_Clicks,0.0
476_X_Distell,0.0
476_X_Impala,0.0
476_X_Oceana1&2,0.0
476_X_Picknpay,0.0
476_X_Sasol,0.0
476_X_Ssw,0.0
476_X_Tongaat,0.0
476_X_Uct1&2,0.0
477_X_Absa,0.0
477_X_Clicks,0.0
477_X_Distell,0.0
477_X_Impala,0.0
477_X_Oceana1&2,0.0
477_X_Picknpay,0.0
477_X_Sasol,0.0
477_X_Ssw,0.0
477_X_Tongaat,0.0
477_X_Uct1&2,0.0
479_X_Absa,0.0
479_X_Clicks,0.0
479_X_Distell,0.0
479_X_Impala,0.0
479_X_Oceana1&2,0.0
479_X_Picknpay,0.0
479_X_Sasol,0.0
479_X_Ssw,0.0
479_X_Tongaat,0.0
479_X_Uct1&2,0.0
47_X_Absa,0.0
47_X_Clicks,0.0
47_X_Distell,0.0
47_X_Impala,0.0
47_X_Oceana1&2,0.0
47_X_Picknpay,0.0
47_X_Sasol,0.0
47_X_Ssw,0.0
47_X_Tongaat,0.0
47_X_Uct1&2,0.0
480_X_Absa,0.0
480_X_Clicks,0.0
480_X_Distell,0.0
480_X_Impala,0.0
480_X_Oceana1&2,0.0
480_X_Picknpay,0.0
480_X_Sasol,0.0
480_X_Ssw,0.0
480_X_Tongaat,0.0
480_X_Uct1&2,0.0
482_X_Absa,0.0
482_X_Clicks,0.0
482_X_Distell,0.0
482_X_Impala,0.0
482_X_Oceana1&2,0.0
482_X_Picknpay,0.0
482_X_Sasol,0.0
482_X_Ssw,0.0
482_X_Tongaat,0.0
482_X_Uct1&2,0.0
483_X_Absa,0.0
483_X_Clicks,0.0
483_X_Distell,0.0
483_X_Impala,0.0
483_X_Oceana1&2,0.0
483_X_Picknpay,0.0
483_X_Sasol,0.0
483_X_Ssw,0.0
483_X_Tongaat,0.0
483_X_Uct1&2,0.0
484_X_Absa,0.0
484_X_Clicks,0.0
484_X_Distell,0.0
484_X_Impala,0.0
484_X_Oceana1&2,0.0
484_X_Picknpay,0.0
484_X_Sasol,0.0
484_X_Ssw,0.0
484_X_Tongaat,0.0
484_X_Uct1&2,0.0
488_X_Absa,0.0
488_X_Clicks,0.0
488_X_Distell,0.0
488_X_Impala,0.0
488_X_Oceana1&2,0.0
488_X_Picknpay,0.0
488_X_Sasol,0.0
488_X_Ssw,0.0
488_X_Tongaat,0.0
488_X_Uct1&2,0.0
489_X_Absa,0.0
489_X_Clicks,0.0
489_X_Distell,0.0
489_X_Impala,0.0
489_X_Oceana1&2,0.0
489_X_Picknpay,0.0
489_X_Sasol,0.0
489_X_Ssw,0.0
489_X_Tongaat,0.0
489_X_Uct1&2,0.0
48_X_Absa,0.0
48_X_Clicks,0.0
48_X_Distell,0.0
48_X_Impala,0.0
48_X_Oceana1&2,0.0
48_X_Picknpay,0.0
48_X_Sasol,0.0
48_X_Ssw,0.0
48_X_Tongaat,0.0
48_X_Uct1&2,0.0
490_X_Absa,0.0
490_X_Clicks,0.0
490_X_Distell,0.0
490_X_Impala,0.0
490_X_Oceana1&2,0.0
490_X_Picknpay,0.0
490_X_Sasol,0.0
490_X_Ssw,0.0
490_X_Tongaat,0.0
490_X_Uct1&2,0.0
491_X_Absa,0.0
491_X_Clicks,0.0
491_X_Distell,0.0
491_X_Impala,0.0
491_X_Oceana1&2,0.0
491_X_Picknpay,0.0
491_X_Sasol,0.0
491_X_Ssw,0.0
491_X_Tongaat,0.0
491_X_Uct1&2,0.0
498_X_Absa,0.0
498_X_Clicks,0.0
498_X_Distell,0.0
498_X_Impala,0.0
498_X_Oceana1&2,0.0
498_X_Picknpay,0.0
498_X_Sasol,0.0
498_X_Ssw,0.0
498_X_Tongaat,0.0
498_X_Uct1&2,0.0
499_X_Absa,0.0
499_X_Clicks,0.0
499_X_Distell,0.0
499_X_Impala,0.0
499_X_Oceana1&2,0.0
499_X_Picknpay,0.0
499_X_Sasol,0.0
499_X_Ssw,0.0
499_X_Tongaat,0.0
499_X_Uct1&2,0.0
49_X_Absa,0.0
49_X_Clicks,0.0
49_X_Distell,0.0
49_X_Impala,0.0
49_X_Oceana1&2,0.0
49_X_Picknpay,0.0
49_X_Sasol,0.0
49_X_Ssw,0.0
49_X_Tongaat,0.0
49_X_Uct1&2,0.0
500_X_Absa,0.0
500_X_Clicks,0.0
500_X_Distell,0.0
500_X_Impala,0.0
500_X_Oceana1&2,0.0
500_X_Picknpay,0.0
500_X_Sasol,0.0
500_X_Ssw,0.0
500_X_Tongaat,0.0
500_X_Uct1&2,0.0
502_X_Absa,0.0
502_X_Clicks,0.0
502_X_Distell,0.0
502_X_Impala,0.0
502_X_Oceana1&2,0.0
502_X_Picknpay,0.0
502_X_Sasol,0.0
502_X_Ssw,0.0
502_X_Tongaat,0.0
502_X_Uct1&2,0.0
504_X_Absa,0.0
504_X_Clicks,0.0
504_X_Distell,0.0
504_X_Impala,0.0
504_X_Oceana1&2,0.0
504_X_Picknpay,0.0
504_X_Sasol,0.0
504_X_Ssw,0.0
504_X_Tongaat,0.0
504_X_Uct1&2,0.0
506_X_Absa,0.0
506_X_Clicks,0.0
506_X_Distell,0.0
506_X_Impala,0.0
506_X_Oceana1&2,0.0
506_X_Picknpay,0.0
506_X_Sasol,0.0
506_X_Ssw,0.0
506_X_Tongaat,0.0
506_X_Uct1&2,0.0
508_X_Absa,0.0
508_X_Clicks,0.0
508_X_Distell,0.0
508_X_Impala,0.0
508_X_Oceana1&2,0.0
508_X_Picknpay,0.0
508_X_Sasol,0.0
508_X_Ssw,0.0
508_X_Tongaat,0.0
508_X_Uct1&2,0.0
50_X_Absa,0.0
50_X_Clicks,0.0
50_X_Distell,0.0
50_X_Impala,0.0
50_X_Oceana1&2,0.0
50_X_Picknpay,0.0
50_X_Sasol,0.0
50_X_Ssw,0.0
50_X_Tongaat,0.0
50_X_Uct1&2,0.0
511_X_Absa,0.0
511_X_Clicks,0.0
511_X_Distell,0.0
511_X_Impala,0.0
511_X_Oceana1&2,0.0
511_X_Picknpay,0.0
511_X_Sasol,0.0
511_X_Ssw,0.0
511_X_Tongaat,0.0
511_X_Uct1&2,0.0
513_X_Absa,0.0
513_X_Clicks,0.0
513_X_Distell,0.0
513_X_Impala,0.0
513_X_Oceana1&2,0.0
513_X_Picknpay,0.0
513_X_Sasol,0.0
513_X_Ssw,0.0
513_X_Tongaat,0.0
513_X_Uct1&2,0.0
517_X_Absa,0.0
517_X_Clicks,0.0
517_X_Distell,0.0
517_X_Impala,0.0
517_X_Oceana1&2,0.0
517_X_Picknpay,0.0
517_X_Sasol,0.0
517_X_Ssw,0.0
517_X_Tongaat,0.0
517_X_Uct1&2,0.0
51_X_Absa,0.0
51_X_Clicks,0.0
51_X_Distell,0.0
51_X_Impala,0.0
51_X_Oceana1&2,0.0
51_X_Picknpay,0.0
51_X_Sasol,0.0
51_X_Ssw,0.0
51_X_Tongaat,0.0
51_X_Uct1&2,0.0
523_X_Absa,0.0
523_X_Clicks,0.0
523_X_Distell,0.0
523_X_Impala,0.0
523_X_Oceana1&2,0.0
523_X_Picknpay,0.0
523_X_Sasol,0.0
523_X_Ssw,0.0
523_X_Tongaat,0.0
523_X_Uct1&2,0.0
525_X_Absa,0.0
525_X_Clicks,0.0
525_X_Distell,0.0
525_X_Impala,0.0
525_X_Oceana1&2,0.0
525_X_Picknpay,0.0
525_X_Sasol,0.0
525_X_Ssw,0.0
525_X_Tongaat,0.0
525_X_Uct1&2,0.0
52_X_Absa,0.0
52_X_Clicks,0.0
52_X_Distell,0.0
52_X_Impala,0.0
52_X_Oceana1&2,0.0
52_X_Picknpay,0.0
52_X_Sasol,0.0
52_X_Ssw,0.0
52_X_Tongaat,0.0
52_X_Uct1&2,0.0
530_X_Absa,0.0
530_X_Clicks,0.0
530_X_Distell,0.0
530_X_Impala,0.0
530_X_Oceana1&2,0.0
530_X_Picknpay,0.0
530_X_Sasol,0.0
530_X_Ssw,0.0
530_X_Tongaat,0.0
530_X_Uct1&2,0.0
532_X_Absa,0.0
532_X_Clicks,0.0
532_X_Distell,0.0
532_X_Impala,0.0
532_X_Oceana1&2,0.0
532_X_Picknpay,0.0
532_X_Sasol,0.0
532_X_Ssw,0.0
532_X_Tongaat,0.0
532_X_Uct1&2,0.0
533_X_Absa,0.0
533_X_Clicks,0.0
533_X_Distell,0.0
533_X_Impala,0.0
533_X_Oceana1&2,0.0
533_X_Picknpay,0.0
533_X_Sasol,0.0
533_X_Ssw,0.0
533_X_Tongaat,0.0
533_X_Uct1&2,0.0
539_X_Absa,0.0
539_X_Clicks,0.0
539_X_Distell,0.0
539_X_Impala,0.0
539_X_Oceana1&2,0.0
539_X_Picknpay,0.0
539_X_Sasol,0.0
539_X_Ssw,0.0
539_X_Tongaat,0.0
539_X_Uct1&2,0.0
53_X_Absa,0.0
53_X_Clicks,0.0
53_X_Distell,0.0
53_X_Impala,0.0
53_X_Oceana1&2,0.0
53_X_Picknpay,0.0
53_X_Sasol,0.0
53_X_Ssw,0.0
53_X_Tongaat,0.0
53_X_Uct1&2,0.0
54_X_Absa,0.0
54_X_Clicks,0.0
54_X_Distell,0.0
54_X_Impala,0.0
54_X_Oceana1&2,0.0
54_X_Picknpay,0.0
54_X_Sasol,0.0
54_X_Ssw,0.0
54_X_Tongaat,0.0
54_X_Uct1&2,0.0
550_X_Absa,0.0
550_X_Clicks,0.0
550_X_Distell,0.0
550_X_Impala,0.0
550_X_Oceana1&2,0.0
550_X_Picknpay,0.0
550_X_Sasol,0.0
550_X_Ssw,0.0
550_X_Tongaat,0.0
550_X_Uct1&2,0.0
554_X_Absa,0.0
554_X_Clicks,0.0
554_X_Distell,0.0
554_X_Impala,0.0
554_X_Oceana1&2,0.0
554_X_Picknpay,0.0
554_X_Sasol,0.0
554_X_Ssw,0.0
554_X_Tongaat,0.0
554_X_Uct1&2,0.0
555_X_Absa,0.0
555_X_Clicks,0.0
555_X_Distell,0.0
555_X_Impala,0.0
555_X_Oceana1&2,0.0
555_X_Picknpay,0.0
555_X_Sasol,0.0
555_X_Ssw,0.0
555_X_Tongaat,0.0
555_X_Uct1&2,0.0
55_X_Absa,0.0
55_X_Clicks,0.0
55_X_Distell,0.0
55_X_Impala,0.0
55_X_Oceana1&2,0.0
55_X_Picknpay,0.0
55_X_Sasol,0.0
55_X_Ssw,0.0
55_X_Tongaat,0.0
55_X_Uct1&2,0.0
561_X_Absa,0.0
561_X_Clicks,0.0
561_X_Distell,0.0
561_X_Impala,0.0
561_X_Oceana1&2,0.0
561_X_Picknpay,0.0
561_X_Sasol,0.0
561_X_Ssw,0.0
561_X_Tongaat,0.0
561_X_Uct1&2,0.0
564_X_Absa,0.0
564_X_Clicks,0.0
564_X_Distell,0.0
564_X_Impala,0.0
564_X_Oceana1&2,0.0
564_X_Picknpay,0.0
564_X_Sasol,0.0
564_X_Ssw,0.0
564_X_Tongaat,0.0
564_X_Uct1&2,0.0
565_X_Absa,0.0
565_X_Clicks,0.0
565_X_Distell,0.0
565_X_Impala,0.0
565_X_Oceana1&2,0.0
565_X_Picknpay,0.0
565_X_Sasol,0.0
565_X_Ssw,0.0
565_X_Tongaat,0.0
565_X_Uct1&2,0.0
566_X_Absa,0.0
566_X_Clicks,0.0
566_X_Distell,0.0
566_X_Impala,0.0
566_X_Oceana1&2,0.0
566_X_Picknpay,0.0
566_X_Sasol,0.0
566_X_Ssw,0.0
566_X_Tongaat,0.0
566_X_Uct1&2,0.0
572_X_Absa,0.0
572_X_Clicks,0.0
572_X_Distell,0.0
572_X_Impala,0.0
572_X_Oceana1&2,0.0
572_X_Picknpay,0.0
572_X_Sasol,0.0
572_X_Ssw,0.0
572_X_Tongaat,0.0
572_X_Uct1&2,0.0
573_X_Absa,0.0
573_X_Clicks,0.0
573_X_Distell,0.0
573_X_Impala,0.0
573_X_Oceana1&2,0.0
573_X_Picknpay,0.0
573_X_Sasol,0.0
573_X_Ssw,0.0
573_X_Tongaat,0.0
573_X_Uct1&2,0.0
574_X_Absa,0.0
574_X_Clicks,0.0
574_X_Distell,0.0
574_X_Impala,0.0
574_X_Oceana1&2,0.0
574_X_Picknpay,0.0
574_X_Sasol,0.0
574_X_Ssw,0.0
574_X_Tongaat,0.0
574_X_Uct1&2,0.0
575_X_Absa,0.0
575_X_Clicks,0.0
575_X_Distell,0.0
575_X_Impala,0.0
575_X_Oceana1&2,0.0
575_X_Picknpay,0.0
575_X_Sasol,0.0
575_X_Ssw,0.0
575_X_Tongaat,0.0
575_X_Uct1&2,0.0
579_X_Absa,0.0
579_X_Clicks,0.0
579_X_Distell,0.0
579_X_Impala,0.0
579_X_Oceana1&2,0.0
579_X_Picknpay,0.0
579_X_Sasol,0.0
579_X_Ssw,0.0
579_X_Tongaat,0.0
579_X_Uct1&2,0.0
582_X_Absa,0.0
582_X_Clicks,0.0
582_X_Distell,0.0
582_X_Impala,0.0
582_X_Oceana1&2,0.0
582_X_Picknpay,0.0
582_X_Sasol,0.0
582_X_Ssw,0.0
582_X_Tongaat,0.0
582_X_Uct1&2,0.0
585_X_Absa,0.0
585_X_Clicks,0.0
585_X_Distell,0.0
585_X_Impala,0.0
585_X_Oceana1&2,0.0
585_X_Picknpay,0.0
585_X_Sasol,0.0
585_X_Ssw,0.0
585_X_Tongaat,0.0
585_X_Uct1&2,0.0
586_X_Absa,0.0
586_X_Clicks,0.0
586_X_Distell,0.0
586_X_Impala,0.0
586_X_Oceana1&2,0.0
586_X_Picknpay,0.0
586_X_Sasol,0.0
586_X_Ssw,0.0
586_X_Tongaat,0.0
586_X_Uct1&2,0.0
587_X_Absa,0.0
587_X_Clicks,0.0
587_X_Distell,0.0
587_X_Impala,0.0
587_X_Oceana1&2,0.0
587_X_Picknpay,0.0
587_X_Sasol,0.0
587_X_Ssw,0.0
587_X_Tongaat,0.0
587_X_Uct1&2,0.0
590_X_Absa,0.0
590_X_Clicks,0.0
590_X_Distell,0.0
590_X_Impala,0.0
590_X_Oceana1&2,0.0
590_X_Picknpay,0.0
590_X_Sasol,0.0
590_X_Ssw,0.0
590_X_Tongaat,0.0
590_X_Uct1&2,0.0
592_X_Absa,0.0
592_X_Clicks,0.0
592_X_Distell,0.0
592_X_Impala,0.0
592_X_Oceana1&2,0.0
592_X_Picknpay,0.0
592_X_Sasol,0.0
592_X_Ssw,0.0
592_X_Tongaat,0.0
592_X_Uct1&2,0.0
595_X_Absa,0.0
595_X_Clicks,0.0
595_X_Distell,0.0
595_X_Impala,0.0
595_X_Oceana1&2,0.0
595_X_Picknpay,0.0
595_X_Sasol,0.0
595_X_Ssw,0.0
595_X_Tongaat,0.0
595_X_Uct1&2,0.0
596_X_Absa,0.0
596_X_Clicks,0.0
596_X_Distell,0.0
596_X_Impala,0.0
596_X_Oceana1&2,0.0
596_X_Picknpay,0.0
596_X_Sasol,0.0
596_X_Ssw,0.0
596_X_Tongaat,0.0
596_X_Uct1&2,0.0
597_X_Absa,0.0
597_X_Clicks,0.0
597_X_Distell,0.0
597_X_Impala,0.0
597_X_Oceana1&2,0.0
597_X_Picknpay,0.0
597_X_Sasol,0.0
597_X_Ssw,0.0
597_X_Tongaat,0.0
597_X_Uct1&2,0.0
599_X_Absa,0.0
599_X_Clicks,0.0
599_X_Distell,0.0
599_X_Impala,0.0
599_X_Oceana1&2,0.0
599_X_Picknpay,0.0
599_X_Sasol,0.0
599_X_Ssw,0.0
599_X_Tongaat,0.0
599_X_Uct1&2,0.0
601_X_Absa,0.0
601_X_Clicks,0.0
601_X_Distell,0.0
601_X_Impala,0.0
601_X_Oceana1&2,0.0
601_X_Picknpay,0.0
601_X_Sasol,0.0
601_X_Ssw,0.0
601_X_Tongaat,0.0
601_X_Uct1&2,0.0
602_X_Absa,0.0
602_X_Clicks,0.0
602_X_Distell,0.0
602_X_Impala,0.0
602_X_Oceana1&2,0.0
602_X_Picknpay,0.0
602_X_Sasol,0.0
602_X_Ssw,0.0
602_X_Tongaat,0.0
602_X_Uct1&2,0.0
605_X_Absa,0.0
605_X_Clicks,0.0
605_X_Distell,0.0
605_X_Impala,0.0
605_X_Oceana1&2,0.0
605_X_Picknpay,0.0
605_X_Sasol,0.0
605_X_Ssw,0.0
605_X_Tongaat,0.0
605_X_Uct1&2,0.0
606_X_Absa,0.0
606_X_Clicks,0.0
606_X_Distell,0.0
606_X_Impala,0.0
606_X_Oceana1&2,0.0
606_X_Picknpay,0.0
606_X_Sasol,0.0
606_X_Ssw,0.0
606_X_Tongaat,0.0
606_X_Uct1&2,0.0
607_X_Absa,0.0
607_X_Clicks,0.0
607_X_Distell,0.0
607_X_Impala,0.0
607_X_Oceana1&2,0.0
607_X_Picknpay,0.0
607_X_Sasol,0.0
607_X_Ssw,0.0
607_X_Tongaat,0.0
607_X_Uct1&2,0.0
608_X_Absa,0.0
608_X_Clicks,0.0
608_X_Distell,0.0
608_X_Impala,0.0
608_X_Oceana1&2,0.0
608_X_Picknpay,0.0
608_X_Sasol,0.0
608_X_Ssw,0.0
608_X_Tongaat,0.0
608_X_Uct1&2,0.0
609_X_Absa,0.0
609_X_Clicks,0.0
609_X_Distell,0.0
609_X_Impala,0.0
609_X_Oceana1&2,0.0
609_X_Picknpay,0.0
609_X_Sasol,0.0
609_X_Ssw,0.0
609_X_Tongaat,0.0
609_X_Uct1&2,0.0
613_X_Absa,0.0
613_X_Clicks,0.0
613_X_Distell,0.0
613_X_Impala,0.0
613_X_Oceana1&2,0.0
613_X_Picknpay,0.0
613_X_Sasol,0.0
613_X_Ssw,0.0
613_X_Tongaat,0.0
613_X_Uct1&2,0.0
615_X_Absa,0.0
615_X_Clicks,0.0
615_X_Distell,0.0
615_X_Impala,0.0
615_X_Oceana1&2,0.0
615_X_Picknpay,0.0
615_X_Sasol,0.0
615_X_Ssw,0.0
615_X_Tongaat,0.0
615_X_Uct1&2,0.0
616_X_Absa,0.0
616_X_Clicks,0.0
616_X_Distell,0.0
616_X_Impala,0.0
616_X_Oceana1&2,0.0
616_X_Picknpay,0.0
616_X_Sasol,0.0
616_X_Ssw,0.0
616_X_Tongaat,0.0
616_X_Uct1&2,0.0
617_X_Absa,0.0
617_X_Clicks,0.0
617_X_Distell,0.0
617_X_Impala,0.0
617_X_Oceana1&2,0.0
617_X_Picknpay,0.0
617_X_Sasol,0.0
617_X_Ssw,0.0
617_X_Tongaat,0.0
617_X_Uct1&2,0.0
619_X_Absa,0.0
619_X_Clicks,0.0
619_X_Distell,0.0
619_X_Impala,0.0
619_X_Oceana1&2,0.0
619_X_Picknpay,0.0
619_X_Sasol,0.0
619_X_Ssw,0.0
619_X_Tongaat,0.0
619_X_Uct1&2,0.0
620_X_Absa,0.0
620_X_Clicks,0.0
620_X_Distell,0.0
620_X_Impala,0.0
620_X_Oceana1&2,0.0
620_X_Picknpay,0.0
620_X_Sasol,0.0
620_X_Ssw,0.0
620_X_Tongaat,0.0
620_X_Uct1&2,0.0
621_X_Absa,0.0
621_X_Clicks,0.0
621_X_Distell,0.0
621_X_Impala,0.0
621_X_Oceana1&2,0.0
621_X_Picknpay,0.0
621_X_Sasol,0.0
621_X_Ssw,0.0
621_X_Tongaat,0.0
621_X_Uct1&2,0.0
622_X_Absa,0.0
622_X_Clicks,0.0
622_X_Distell,0.0
622_X_Impala,0.0
622_X_Oceana1&2,0.0
622_X_Picknpay,0.0
622_X_Sasol,0.0
622_X_Ssw,0.0
622_X_Tongaat,0.0
622_X_Uct1&2,0.0
623_X_Absa,0.0
623_X_Clicks,0.0
623_X_Distell,0.0
623_X_Impala,0.0
623_X_Oceana1&2,0.0
623_X_Picknpay,0.0
623_X_Sasol,0.0
623_X_Ssw,0.0
623_X_Tongaat,0.0
623_X_Uct1&2,0.0
627_X_Absa,0.0
627_X_Clicks,0.0
627_X_Distell,0.0
627_X_Impala,0.0
627_X_Oceana1&2,0.0
627_X_Picknpay,0.0
627_X_Sasol,0.0
627_X_Ssw,0.0
627_X_Tongaat,0.0
627_X_Uct1&2,0.0
628_X_Absa,0.0
628_X_Clicks,0.0
628_X_Distell,0.0
628_X_Impala,0.0
628_X_Oceana1&2,0.0
628_X_Picknpay,0.0
628_X_Sasol,0.0
628_X_Ssw,0.0
628_X_Tongaat,0.0
628_X_Uct1&2,0.0
629_X_Absa,0.0
629_X_Clicks,0.0
629_X_Distell,0.0
629_X_Impala,0.0
629_X_Oceana1&2,0.0
629_X_Picknpay,0.0
629_X_Sasol,0.0
629_X_Ssw,0.0
629_X_Tongaat,0.0
629_X_Uct1&2,0.0
62_X_Absa,0.0
62_X_Clicks,0.0
62_X_Distell,0.0
62_X_Impala,0.0
62_X_Oceana1&2,0.0
62_X_Picknpay,0.0
62_X_Sasol,0.0
62_X_Ssw,0.0
62_X_Tongaat,0.0
62_X_Uct1&2,0.0
630_X_Absa,0.0
630_X_Clicks,0.0
630_X_Distell,0.0
630_X_Impala,0.0
630_X_Oceana1&2,0.0
630_X_Picknpay,0.0
630_X_Sasol,0.0
630_X_Ssw,0.0
630_X_Tongaat,0.0
630_X_Uct1&2,0.0
631_X_Absa,0.0
631_X_Clicks,0.0
631_X_Distell,0.0
631_X_Impala,0.0
631_X_Oceana1&2,0.0
631_X_Picknpay,0.0
631_X_Sasol,0.0
631_X_Ssw,0.0
631_X_Tongaat,0.0
631_X_Uct1&2,0.0
632_X_Absa,0.0
632_X_Clicks,0.0
632_X_Distell,0.0
632_X_Impala,0.0
632_X_Oceana1&2,0.0
632_X_Picknpay,0.0
632_X_Sasol,0.0
632_X_Ssw,0.0
632_X_Tongaat,0.0
632_X_Uct1&2,0.0
638_X_Absa,0.0
638_X_Clicks,0.0
638_X_Distell,0.0
638_X_Impala,0.0
638_X_Oceana1&2,0.0
638_X_Picknpay,0.0
638_X_Sasol,0.0
638_X_Ssw,0.0
638_X_Tongaat,0.0
638_X_Uct1&2,0.0
639_X_Absa,0.0
639_X_Clicks,0.0
639_X_Distell,0.0
639_X_Impala,0.0
639_X_Oceana1&2,0.0
639_X_Picknpay,0.0
639_X_Sasol,0.0
639_X_Ssw,0.0
639_X_Tongaat,0.0
639_X_Uct1&2,0.0
63_X_Absa,0.0
63_X_Clicks,0.0
63_X_Distell,0.0
63_X_Impala,0.0
63_X_Oceana1&2,0.0
63_X_Picknpay,0.0
63_X_Sasol,0.0
63_X_Ssw,0.0
63_X_Tongaat,0.0
63_X_Uct1&2,0.0
640_X_Absa,0.0
640_X_Clicks,0.0
640_X_Distell,0.0
640_X_Impala,0.0
640_X_Oceana1&2,0.0
640_X_Picknpay,0.0
640_X_Sasol,0.0
640_X_Ssw,0.0
640_X_Tongaat,0.0
640_X_Uct1&2,0.0
644_X_Absa,0.0
644_X_Clicks,0.0
644_X_Distell,0.0
644_X_Impala,0.0
644_X_Oceana1&2,0.0
644_X_Picknpay,0.0
644_X_Sasol,0.0
644_X_Ssw,0.0
644_X_Tongaat,0.0
644_X_Uct1&2,0.0
64_X_Absa,0.0
64_X_Clicks,0.0
64_X_Distell,0.0
64_X_Impala,0.0
64_X_Oceana1&2,0.0
64_X_Picknpay,0.0
64_X_Sasol,0.0
64_X_Ssw,0.0
64_X_Tongaat,0.0
64_X_Uct1&2,0.0
650_X_Absa,0.0
650_X_Clicks,0.0
650_X_Distell,0.0
650_X_Impala,0.0
650_X_Oceana1&2,0.0
650_X_Picknpay,0.0
650_X_Sasol,0.0
650_X_Ssw,0.0
650_X_Tongaat,0.0
650_X_Uct1&2,0.0
654_X_Absa,0.0
654_X_Clicks,0.0
654_X_Distell,0.0
654_X_Impala,0.0
654_X_Oceana1&2,0.0
654_X_Picknpay,0.0
654_X_Sasol,0.0
654_X_Ssw,0.0
654_X_Tongaat,0.0
654_X_Uct1&2,0.0
65_X_Absa,0.0
65_X_Clicks,0.0
65_X_Distell,0.0
65_X_Impala,0.0
65_X_Oceana1&2,0.0
65_X_Picknpay,0.0
65_X_Sasol,0.0
65_X_Ssw,0.0
65_X_Tongaat,0.0
65_X_Uct1&2,0.0
66_X_Absa,0.0
66_X_Clicks,0.0
66_X_Distell,0.0
66_X_Impala,0.0
66_X_Oceana1&2,0.0
66_X_Picknpay,0.0
66_X_Sasol,0.0
66_X_Ssw,0.0
66_X_Tongaat,0.0
66_X_Uct1&2,0.0
678_X_Absa,0.0
678_X_Clicks,0.0
678_X_Distell,0.0
678_X_Impala,0.0
678_X_Oceana1&2,0.0
678_X_Picknpay,0.0
678_X_Sasol,0.0
678_X_Ssw,0.0
678_X_Tongaat,0.0
678_X_Uct1&2,0.0
679_X_Absa,0.0
679_X_Clicks,0.0
679_X_Distell,0.0
679_X_Impala,0.0
679_X_Oceana1&2,0.0
679_X_Picknpay,0.0
679_X_Sasol,0.0
679_X_Ssw,0.0
679_X_Tongaat,0.0
679_X_Uct1&2,0.0
67_X_Absa,0.0
67_X_Clicks,0.0
67_X_Distell,0.0
67_X_Impala,0.0
67_X_Oceana1&2,0.0
67_X_Picknpay,0.0
67_X_Sasol,0.0
67_X_Ssw,0.0
67_X_Tongaat,0.0
67_X_Uct1&2,0.0
684_X_Absa,0.0
684_X_Clicks,0.0
684_X_Distell,0.0
684_X_Impala,0.0
684_X_Oceana1&2,0.0
684_X_Picknpay,0.0
684_X_Sasol,0.0
684_X_Ssw,0.0
684_X_Tongaat,0.0
684_X_Uct1&2,0.0
689_X_Absa,0.0
689_X_Clicks,0.0
689_X_Distell,0.0
689_X_Impala,0.0
689_X_Oceana1&2,0.0
689_X_Picknpay,0.0
689_X_Sasol,0.0
689_X_Ssw,0.0
689_X_Tongaat,0.0
689_X_Uct1&2,0.0
698_X_Absa,0.0
698_X_Clicks,0.0
698_X_Distell,0.0
698_X_Impala,0.0
698_X_Oceana1&2,0.0
698_X_Picknpay,0.0
698_X_Sasol,0.0
698_X_Ssw,0.0
698_X_Tongaat,0.0
698_X_Uct1&2,0.0
6_X_Absa,0.0
6_X_Clicks,0.0
6_X_Distell,0.0
6_X_Impala,0.0
6_X_Oceana1&2,0.0
6_X_Picknpay,0.0
6_X_Sasol,0.0
6_X_Ssw,0.0
6_X_Tongaat,0.0
6_X_Uct1&2,0.0
700_X_Absa,0.0
700_X_Clicks,0.0
700_X_Distell,0.0
700_X_Impala,0.0
700_X_Oceana1&2,0.0
700_X_Picknpay,0.0
700_X_Sasol,0.0
700_X_Ssw,0.0
700_X_Tongaat,0.0
700_X_Uct1&2,0.0
703_X_Absa,0.0
703_X_Clicks,0.0
703_X_Distell,0.0
703_X_Impala,0.0
703_X_Oceana1&2,0.0
703_X_Picknpay,0.0
703_X_Sasol,0.0
703_X_Ssw,0.0
703_X_Tongaat,0.0
703_X_Uct1&2,0.0
704_X_Absa,0.0
704_X_Clicks,0.0
704_X_Distell,0.0
704_X_Impala,0.0
704_X_Oceana1&2,0.0
704_X_Picknpay,0.0
704_X_Sasol,0.0
704_X_Ssw,0.0
704_X_Tongaat,0.0
704_X_Uct1&2,0.0
70_X_Absa,0.0
70_X_Clicks,0.0
70_X_Distell,0.0
70_X_Impala,0.0
70_X_Oceana1&2,0.0
70_X_Picknpay,0.0
70_X_Sasol,0.0
70_X_Ssw,0.0
70_X_Tongaat,0.0
70_X_Uct1&2,0.0
713_X_Absa,0.0
713_X_Clicks,0.0
713_X_Distell,0.0
713_X_Impala,0.0
713_X_Oceana1&2,0.0
713_X_Picknpay,0.0
713_X_Sasol,0.0
713_X_Ssw,0.0
713_X_Tongaat,0.0
713_X_Uct1&2,0.0
716_X_Absa,0.0
716_X_Clicks,0.0
716_X_Distell,0.0
716_X_Impala,0.0
716_X_Oceana1&2,0.0
716_X_Picknpay,0.0
716_X_Sasol,0.0
716_X_Ssw,0.0
716_X_Tongaat,0.0
716_X_Uct1&2,0.0
732_X_Absa,0.0
732_X_Clicks,0.0
732_X_Distell,0.0
732_X_Impala,0.0
732_X_Oceana1&2,0.0
732_X_Picknpay,0.0
732_X_Sasol,0.0
732_X_Ssw,0.0
732_X_Tongaat,0.0
732_X_Uct1&2,0.0
733_X_Absa,0.0
733_X_Clicks,0.0
733_X_Distell,0.0
733_X_Impala,0.0
733_X_Oceana1&2,0.0
733_X_Picknpay,0.0
733_X_Sasol,0.0
733_X_Ssw,0.0
733_X_Tongaat,0.0
733_X_Uct1&2,0.0
734_X_Absa,0.0
734_X_Clicks,0.0
734_X_Distell,0.0
734_X_Impala,0.0
734_X_Oceana1&2,0.0
734_X_Picknpay,0.0
734_X_Sasol,0.0
734_X_Ssw,0.0
734_X_Tongaat,0.0
734_X_Uct1&2,0.0
735_X_Absa,0.0
735_X_Clicks,0.0
735_X_Distell,0.0
735_X_Impala,0.0
735_X_Oceana1&2,0.0
735_X_Picknpay,0.0
735_X_Sasol,0.0
735_X_Ssw,0.0
735_X_Tongaat,0.0
735_X_Uct1&2,0.0
736_X_Absa,0.0
736_X_Clicks,0.0
736_X_Distell,0.0
736_X_Impala,0.0
736_X_Oceana1&2,0.0
736_X_Picknpay,0.0
736_X_Sasol,0.0
736_X_Ssw,0.0
736_X_Tongaat,0.0
736_X_Uct1&2,0.0
737_X_Absa,0.0
737_X_Clicks,0.0
737_X_Distell,0.0
737_X_Impala,0.0
737_X_Oceana1&2,0.0
737_X_Picknpay,0.0
737_X_Sasol,0.0
737_X_Ssw,0.0
737_X_Tongaat,0.0
737_X_Uct1&2,0.0
738_X_Absa,0.0
738_X_Clicks,0.0
738_X_Distell,0.0
738_X_Impala,0.0
738_X_Oceana1&2,0.0
738_X_Picknpay,0.0
738_X_Sasol,0.0
738_X_Ssw,0.0
738_X_Tongaat,0.0
738_X_Uct1&2,0.0
742_X_Absa,0.0
742_X_Clicks,0.0
742_X_Distell,0.0
742_X_Impala,0.0
742_X_Oceana1&2,0.0
742_X_Picknpay,0.0
742_X_Sasol,0.0
742_X_Ssw,0.0
742_X_Tongaat,0.0
742_X_Uct1&2,0.0
749_X_Absa,0.0
749_X_Clicks,0.0
749_X_Distell,0.0
749_X_Impala,0.0
749_X_Oceana1&2,0.0
749_X_Picknpay,0.0
749_X_Sasol,0.0
749_X_Ssw,0.0
749_X_Tongaat,0.0
749_X_Uct1&2,0.0
74_X_Absa,0.0
74_X_Clicks,0.0
74_X_Distell,0.0
74_X_Impala,0.0
74_X_Oceana1&2,0.0
74_X_Picknpay,0.0
74_X_Sasol,0.0
74_X_Ssw,0.0
74_X_Tongaat,0.0
74_X_Uct1&2,0.0
750_X_Absa,0.0
750_X_Clicks,0.0
750_X_Distell,0.0
750_X_Impala,0.0
750_X_Oceana1&2,0.0
750_X_Picknpay,0.0
750_X_Sasol,0.0
750_X_Ssw,0.0
750_X_Tongaat,0.0
750_X_Uct1&2,0.0
751_X_Absa,0.0
751_X_Clicks,0.0
751_X_Distell,0.0
751_X_Impala,0.0
751_X_Oceana1&2,0.0
751_X_Picknpay,0.0
751_X_Sasol,0.0
751_X_Ssw,0.0
751_X_Tongaat,0.0
751_X_Uct1&2,0.0
753_X_Absa,0.0
753_X_Clicks,0.0
753_X_Distell,0.0
753_X_Impala,0.0
753_X_Oceana1&2,0.0
753_X_Picknpay,0.0
753_X_Sasol,0.0
753_X_Ssw,0.0
753_X_Tongaat,0.0
753_X_Uct1&2,0.0
757_X_Absa,0.0
757_X_Clicks,0.0
757_X_Distell,0.0
757_X_Impala,0.0
757_X_Oceana1&2,0.0
757_X_Picknpay,0.0
757_X_Sasol,0.0
757_X_Ssw,0.0
757_X_Tongaat,0.0
757_X_Uct1&2,0.0
758_X_Absa,0.0
758_X_Clicks,0.0
758_X_Distell,0.0
758_X_Impala,0.0
758_X_Oceana1&2,0.0
758_X_Picknpay,0.0
758_X_Sasol,0.0
758_X_Ssw,0.0
758_X_Tongaat,0.0
758_X_Uct1&2,0.0
759_X_Absa,0.0
759_X_Clicks,0.0
759_X_Distell,0.0
759_X_Impala,0.0
759_X_Oceana1&2,0.0
759_X_Picknpay,0.0
759_X_Sasol,0.0
759_X_Ssw,0.0
759_X_Tongaat,0.0
759_X_Uct1&2,0.0
760_X_Absa,0.0
760_X_Clicks,0.0
760_X_Distell,0.0
760_X_Impala,0.0
760_X_Oceana1&2,0.0
760_X_Picknpay,0.0
760_X_Sasol,0.0
760_X_Ssw,0.0
760_X_Tongaat,0.0
760_X_Uct1&2,0.0
761_X_Absa,0.0
761_X_Clicks,0.0
761_X_Distell,0.0
761_X_Impala,0.0
761_X_Oceana1&2,0.0
761_X_Picknpay,0.0
761_X_Sasol,0.0
761_X_Ssw,0.0
761_X_Tongaat,0.0
761_X_Uct1&2,0.0
762_X_Absa,0.0
762_X_Clicks,0.0
762_X_Distell,0.0
762_X_Impala,0.0
762_X_Oceana1&2,0.0
762_X_Picknpay,0.0
762_X_Sasol,0.0
762_X_Ssw,0.0
762_X_Tongaat,0.0
762_X_Uct1&2,0.0
763_X_Absa,0.0
763_X_Clicks,0.0
763_X_Distell,0.0
763_X_Impala,0.0
763_X_Oceana1&2,0.0
763_X_Picknpay,0.0
763_X_Sasol,0.0
763_X_Ssw,0.0
763_X_Tongaat,0.0
763_X_Uct1&2,0.0
764_X_Absa,0.0
764_X_Clicks,0.0
764_X_Distell,0.0
764_X_Impala,0.0
764_X_Oceana1&2,0.0
764_X_Picknpay,0.0
764_X_Sasol,0.0
764_X_Ssw,0.0
764_X_Tongaat,0.0
764_X_Uct1&2,0.0
765_X_Absa,0.0
765_X_Clicks,0.0
765_X_Distell,0.0
765_X_Impala,0.0
765_X_Oceana1&2,0.0
765_X_Picknpay,0.0
765_X_Sasol,0.0
765_X_Ssw,0.0
765_X_Tongaat,0.0
765_X_Uct1&2,0.0
766_X_Absa,0.0
766_X_Clicks,0.0
766_X_Distell,0.0
766_X_Impala,0.0
766_X_Oceana1&2,0.0
766_X_Picknpay,0.0
766_X_Sasol,0.0
766_X_Ssw,0.0
766_X_Tongaat,0.0
766_X_Uct1&2,0.0
767_X_Absa,0.0
767_X_Clicks,0.0
767_X_Distell,0.0
767_X_Impala,0.0
767_X_Oceana1&2,0.0
767_X_Picknpay,0.0
767_X_Sasol,0.0
767_X_Ssw,0.0
767_X_Tongaat,0.0
767_X_Uct1&2,0.0
768_X_Absa,0.0
768_X_Clicks,0.0
768_X_Distell,0.0
768_X_Impala,0.0
768_X_Oceana1&2,0.0
768_X_Picknpay,0.0
768_X_Sasol,0.0
768_X_Ssw,0.0
768_X_Tongaat,0.0
768_X_Uct1&2,0.0
771_X_Absa,0.0
771_X_Clicks,0.0
771_X_Distell,0.0
771_X_Impala,0.0
771_X_Oceana1&2,0.0
771_X_Picknpay,0.0
771_X_Sasol,0.0
771_X_Ssw,0.0
771_X_Tongaat,0.0
771_X_Uct1&2,0.0
772_X_Absa,0.0
772_X_Clicks,0.0
772_X_Distell,0.0
772_X_Impala,0.0
772_X_Oceana1&2,0.0
772_X_Picknpay,0.0
772_X_Sasol,0.0
772_X_Ssw,0.0
772_X_Tongaat,0.0
772_X_Uct1&2,0.0
773_X_Absa,0.0
773_X_Clicks,0.0
773_X_Distell,0.0
773_X_Impala,0.0
773_X_Oceana1&2,0.0
773_X_Picknpay,0.0
773_X_Sasol,0.0
773_X_Ssw,0.0
773_X_Tongaat,0.0
773_X_Uct1&2,0.0
774_X_Absa,0.0
774_X_Clicks,0.0
774_X_Distell,0.0
774_X_Impala,0.0
774_X_Oceana1&2,0.0
774_X_Picknpay,0.0
774_X_Sasol,0.0
774_X_Ssw,0.0
774_X_Tongaat,0.0
774_X_Uct1&2,0.0
775_X_Absa,0.0
775_X_Clicks,0.0
775_X_Distell,0.0
775_X_Impala,0.0
775_X_Oceana1&2,0.0
775_X_Picknpay,0.0
775_X_Sasol,0.0
775_X_Ssw,0.0
775_X_Tongaat,0.0
775_X_Uct1&2,0.0
776_X_Absa,0.0
776_X_Clicks,0.0
776_X_Distell,0.0
776_X_Impala,0.0
776_X_Oceana1&2,0.0
776_X_Picknpay,0.0
776_X_Sasol,0.0
776_X_Ssw,0.0
776_X_Tongaat,0.0
776_X_Uct1&2,0.0
777_X_Absa,0.0
777_X_Clicks,0.0
777_X_Distell,0.0
777_X_Impala,0.0
777_X_Oceana1&2,0.0
777_X_Picknpay,0.0
777_X_Sasol,0.0
777_X_Ssw,0.0
777_X_Tongaat,0.0
777_X_Uct1&2,0.0
778_X_Absa,0.0
778_X_Clicks,0.0
778_X_Distell,0.0
778_X_Impala,0.0
778_X_Oceana1&2,0.0
778_X_Picknpay,0.0
778_X_Sasol,0.0
778_X_Ssw,0.0
778_X_Tongaat,0.0
778_X_Uct1&2,0.0
779_X_Absa,0.0
779_X_Clicks,0.0
779_X_Distell,0.0
779_X_Impala,0.0
779_X_Oceana1&2,0.0
779_X_Picknpay,0.0
779_X_Sasol,0.0
779_X_Ssw,0.0
779_X_Tongaat,0.0
779_X_Uct1&2,0.0
77_X_Absa,0.0
77_X_Clicks,0.0
77_X_Distell,0.0
77_X_Impala,0.0
77_X_Oceana1&2,0.0
77_X_Picknpay,0.0
77_X_Sasol,0.0
77_X_Ssw,0.0
77_X_Tongaat,0.0
77_X_Uct1&2,0.0
781_X_Absa,0.0
781_X_Clicks,0.0
781_X_Distell,0.0
781_X_Impala,0.0
781_X_Oceana1&2,0.0
781_X_Picknpay,0.0
781_X_Sasol,0.0
781_X_Ssw,0.0
781_X_Tongaat,0.0
781_X_Uct1&2,0.0
782_X_Absa,0.0
782_X_Clicks,0.0
782_X_Distell,0.0
782_X_Impala,0.0
782_X_Oceana1&2,0.0
782_X_Picknpay,0.0
782_X_Sasol,0.0
782_X_Ssw,0.0
782_X_Tongaat,0.0
782_X_Uct1&2,0.0
783_X_Absa,0.0
783_X_Clicks,0.0
783_X_Distell,0.0
783_X_Impala,0.0
783_X_Oceana1&2,0.0
783_X_Picknpay,0.0
783_X_Sasol,0.0
783_X_Ssw,0.0
783_X_Tongaat,0.0
783_X_Uct1&2,0.0
784_X_Absa,0.0
784_X_Clicks,0.0
784_X_Distell,0.0
784_X_Impala,0.0
784_X_Oceana1&2,0.0
784_X_Picknpay,0.0
784_X_Sasol,0.0
784_X_Ssw,0.0
784_X_Tongaat,0.0
784_X_Uct1&2,0.0
785_X_Absa,0.0
785_X_Clicks,0.0
785_X_Distell,0.0
785_X_Impala,0.0
785_X_Oceana1&2,0.0
785_X_Picknpay,0.0
785_X_Sasol,0.0
785_X_Ssw,0.0
785_X_Tongaat,0.0
785_X_Uct1&2,0.0
786_X_Absa,0.0
786_X_Clicks,0.0
786_X_Distell,0.0
786_X_Impala,0.0
786_X_Oceana1&2,0.0
786_X_Picknpay,0.0
786_X_Sasol,0.0
786_X_Ssw,0.0
786_X_Tongaat,0.0
786_X_Uct1&2,0.0
788_X_Absa,0.0
788_X_Clicks,0.0
788_X_Distell,0.0
788_X_Impala,0.0
788_X_Oceana1&2,0.0
788_X_Picknpay,0.0
788_X_Sasol,0.0
788_X_Ssw,0.0
788_X_Tongaat,0.0
788_X_Uct1&2,0.0
789_X_Absa,0.0
789_X_Clicks,0.0
789_X_Distell,0.0
789_X_Impala,0.0
789_X_Oceana1&2,0.0
789_X_Picknpay,0.0
789_X_Sasol,0.0
789_X_Ssw,0.0
789_X_Tongaat,0.0
789_X_Uct1&2,0.0
790_X_Absa,0.0
790_X_Clicks,0.0
790_X_Distell,0.0
790_X_Impala,0.0
790_X_Oceana1&2,0.0
790_X_Picknpay,0.0
790_X_Sasol,0.0
790_X_Ssw,0.0
790_X_Tongaat,0.0
790_X_Uct1&2,0.0
791_X_Absa,0.0
791_X_Clicks,0.0
791_X_Distell,0.0
791_X_Impala,0.0
791_X_Oceana1&2,0.0
791_X_Picknpay,0.0
791_X_Sasol,0.0
791_X_Ssw,0.0
791_X_Tongaat,0.0
791_X_Uct1&2,0.0
792_X_Absa,0.0
792_X_Clicks,0.0
792_X_Distell,0.0
792_X_Impala,0.0
792_X_Oceana1&2,0.0
792_X_Picknpay,0.0
792_X_Sasol,0.0
792_X_Ssw,0.0
792_X_Tongaat,0.0
792_X_Uct1&2,0.0
794_X_Absa,0.0
794_X_Clicks,0.0
794_X_Distell,0.0
794_X_Impala,0.0
794_X_Oceana1&2,0.0
794_X_Picknpay,0.0
794_X_Sasol,0.0
794_X_Ssw,0.0
794_X_Tongaat,0.0
794_X_Uct1&2,0.0
795_X_Absa,0.0
795_X_Clicks,0.0
795_X_Distell,0.0
795_X_Impala,0.0
795_X_Oceana1&2,0.0
795_X_Picknpay,0.0
795_X_Sasol,0.0
795_X_Ssw,0.0
795_X_Tongaat,0.0
795_X_Uct1&2,0.0
796_X_Absa,0.0
796_X_Clicks,0.0
796_X_Distell,0.0
796_X_Impala,0.0
796_X_Oceana1&2,0.0
796_X_Picknpay,0.0
796_X_Sasol,0.0
796_X_Ssw,0.0
796_X_Tongaat,0.0
796_X_Uct1&2,0.0
797_X_Absa,0.0
797_X_Clicks,0.0
797_X_Distell,0.0
797_X_Impala,0.0
797_X_Oceana1&2,0.0
797_X_Picknpay,0.0
797_X_Sasol,0.0
797_X_Ssw,0.0
797_X_Tongaat,0.0
797_X_Uct1&2,0.0
798_X_Absa,0.0
798_X_Clicks,0.0
798_X_Distell,0.0
798_X_Impala,0.0
798_X_Oceana1&2,0.0
798_X_Picknpay,0.0
798_X_Sasol,0.0
798_X_Ssw,0.0
798_X_Tongaat,0.0
798_X_Uct1&2,0.0
799_X_Absa,0.0
799_X_Clicks,0.0
799_X_Distell,0.0
799_X_Impala,0.0
799_X_Oceana1&2,0.0
799_X_Picknpay,0.0
799_X_Sasol,0.0
799_X_Ssw,0.0
799_X_Tongaat,0.0
799_X_Uct1&2,0.0
7_X_Absa,0.0
7_X_Clicks,0.0
7_X_Distell,0.0
7_X_Impala,0.0
7_X_Oceana1&2,0.0
7_X_Picknpay,0.0
7_X_Sasol,0.0
7_X_Ssw,0.0
7_X_Tongaat,0.0
7_X_Uct1&2,0.0
800_X_Absa,0.0
800_X_Clicks,0.0
800_X_Distell,0.0
800_X_Impala,0.0
800_X_Oceana1&2,0.0
800_X_Picknpay,0.0
800_X_Sasol,0.0
800_X_Ssw,0.0
800_X_Tongaat,0.0
800_X_Uct1&2,0.0
802_X_Absa,0.0
802_X_Clicks,0.0
802_X_Distell,0.0
802_X_Impala,0.0
802_X_Oceana1&2,0.0
802_X_Picknpay,0.0
802_X_Sasol,0.0
802_X_Ssw,0.0
802_X_Tongaat,0.0
802_X_Uct1&2,0.0
803_X_Absa,0.0
803_X_Clicks,0.0
803_X_Distell,0.0
803_X_Impala,0.0
803_X_Oceana1&2,0.0
803_X_Picknpay,0.0
803_X_Sasol,0.0
803_X_Ssw,0.0
803_X_Tongaat,0.0
803_X_Uct1&2,0.0
804_X_Absa,0.0
804_X_Clicks,0.0
804_X_Distell,0.0
804_X_Impala,0.0
804_X_Oceana1&2,0.0
804_X_Picknpay,0.0
804_X_Sasol,0.0
804_X_Ssw,0.0
804_X_Tongaat,0.0
804_X_Uct1&2,0.0
805_X_Absa,0.0
805_X_Clicks,0.0
805_X_Distell,0.0
805_X_Impala,0.0
805_X_Oceana1&2,0.0
805_X_Picknpay,0.0
805_X_Sasol,0.0
805_X_Ssw,0.0
805_X_Tongaat,0.0
805_X_Uct1&2,0.0
806_X_Absa,0.0
806_X_Clicks,0.0
806_X_Distell,0.0
806_X_Impala,0.0
806_X_Oceana1&2,0.0
806_X_Picknpay,0.0
806_X_Sasol,0.0
806_X_Ssw,0.0
806_X_Tongaat,0.0
806_X_Uct1&2,0.0
807_X_Absa,0.0
807_X_Clicks,0.0
807_X_Distell,0.0
807_X_Impala,0.0
807_X_Oceana1&2,0.0
807_X_Picknpay,0.0
807_X_Sasol,0.0
807_X_Ssw,0.0
807_X_Tongaat,0.0
807_X_Uct1&2,0.0
808_X_Absa,0.0
808_X_Clicks,0.0
808_X_Distell,0.0
808_X_Impala,0.0
808_X_Oceana1&2,0.0
808_X_Picknpay,0.0
808_X_Sasol,0.0
808_X_Ssw,0.0
808_X_Tongaat,0.0
808_X_Uct1&2,0.0
809_X_Absa,0.0
809_X_Clicks,0.0
809_X_Distell,0.0
809_X_Impala,0.0
809_X_Oceana1&2,0.0
809_X_Picknpay,0.0
809_X_Sasol,0.0
809_X_Ssw,0.0
809_X_Tongaat,0.0
809_X_Uct1&2,0.0
810_X_Absa,0.0
810_X_Clicks,0.0
810_X_Distell,0.0
810_X_Impala,0.0
810_X_Oceana1&2,0.0
810_X_Picknpay,0.0
810_X_Sasol,0.0
810_X_Ssw,0.0
810_X_Tongaat,0.0
810_X_Uct1&2,0.0
813_X_Absa,0.0
813_X_Clicks,0.0
813_X_Distell,0.0
813_X_Impala,0.0
813_X_Oceana1&2,0.0
813_X_Picknpay,0.0
813_X_Sasol,0.0
813_X_Ssw,0.0
813_X_Tongaat,0.0
813_X_Uct1&2,0.0
814_X_Absa,0.0
814_X_Clicks,0.0
814_X_Distell,0.0
814_X_Impala,0.0
814_X_Oceana1&2,0.0
814_X_Picknpay,0.0
814_X_Sasol,0.0
814_X_Ssw,0.0
814_X_Tongaat,0.0
814_X_Uct1&2,0.0
815_X_Absa,0.0
815_X_Clicks,0.0
815_X_Distell,0.0
815_X_Impala,0.0
815_X_Oceana1&2,0.0
815_X_Picknpay,0.0
815_X_Sasol,0.0
815_X_Ssw,0.0
815_X_Tongaat,0.0
815_X_Uct1&2,0.0
816_X_Absa,0.0
816_X_Clicks,0.0
816_X_Distell,0.0
816_X_Impala,0.0
816_X_Oceana1&2,0.0
816_X_Picknpay,0.0
816_X_Sasol,0.0
816_X_Ssw,0.0
816_X_Tongaat,0.0
816_X_Uct1&2,0.0
817_X_Absa,0.0
817_X_Clicks,0.0
817_X_Distell,0.0
817_X_Impala,0.0
817_X_Oceana1&2,0.0
817_X_Picknpay,0.0
817_X_Sasol,0.0
817_X_Ssw,0.0
817_X_Tongaat,0.0
817_X_Uct1&2,0.0
818_X_Absa,0.0
818_X_Clicks,0.0
818_X_Distell,0.0
818_X_Impala,0.0
818_X_Oceana1&2,0.0
818_X_Picknpay,0.0
818_X_Sasol,0.0
818_X_Ssw,0.0
818_X_Tongaat,0.0
818_X_Uct1&2,0.0
819_X_Absa,0.0
819_X_Clicks,0.0
819_X_Distell,0.0
819_X_Impala,0.0
819_X_Oceana1&2,0.0
819_X_Picknpay,0.0
819_X_Sasol,0.0
819_X_Ssw,0.0
819_X_Tongaat,0.0
819_X_Uct1&2,0.0
820_X_Absa,0.0
820_X_Clicks,0.0
820_X_Distell,0.0
820_X_Impala,0.0
820_X_Oceana1&2,0.0
820_X_Picknpay,0.0
820_X_Sasol,0.0
820_X_Ssw,0.0
820_X_Tongaat,0.0
820_X_Uct1&2,0.0
821_X_Absa,0.0
821_X_Clicks,0.0
821_X_Distell,0.0
821_X_Impala,0.0
821_X_Oceana1&2,0.0
821_X_Picknpay,0.0
821_X_Sasol,0.0
821_X_Ssw,0.0
821_X_Tongaat,0.0
821_X_Uct1&2,0.0
822_X_Absa,0.0
822_X_Clicks,0.0
822_X_Distell,0.0
822_X_Impala,0.0
822_X_Oceana1&2,0.0
822_X_Picknpay,0.0
822_X_Sasol,0.0
822_X_Ssw,0.0
822_X_Tongaat,0.0
822_X_Uct1&2,0.0
823_X_Absa,0.0
823_X_Clicks,0.0
823_X_Distell,0.0
823_X_Impala,0.0
823_X_Oceana1&2,0.0
823_X_Picknpay,0.0
823_X_Sasol,0.0
823_X_Ssw,0.0
823_X_Tongaat,0.0
823_X_Uct1&2,0.0
824_X_Absa,0.0
824_X_Clicks,0.0
824_X_Distell,0.0
824_X_Impala,0.0
824_X_Oceana1&2,0.0
824_X_Picknpay,0.0
824_X_Sasol,0.0
824_X_Ssw,0.0
824_X_Tongaat,0.0
824_X_Uct1&2,0.0
825_X_Absa,0.0
825_X_Clicks,0.0
825_X_Distell,0.0
825_X_Impala,0.0
825_X_Oceana1&2,0.0
825_X_Picknpay,0.0
825_X_Sasol,0.0
825_X_Ssw,0.0
825_X_Tongaat,0.0
825_X_Uct1&2,0.0
826_X_Absa,0.0
826_X_Clicks,0.0
826_X_Distell,0.0
826_X_Impala,0.0
826_X_Oceana1&2,0.0
826_X_Picknpay,0.0
826_X_Sasol,0.0
826_X_Ssw,0.0
826_X_Tongaat,0.0
826_X_Uct1&2,0.0
827_X_Absa,0.0
827_X_Clicks,0.0
827_X_Distell,0.0
827_X_Impala,0.0
827_X_Oceana1&2,0.0
827_X_Picknpay,0.0
827_X_Sasol,0.0
827_X_Ssw,0.0
827_X_Tongaat,0.0
827_X_Uct1&2,0.0
828_X_Absa,0.0
828_X_Clicks,0.0
828_X_Distell,0.0
828_X_Impala,0.0
828_X_Oceana1&2,0.0
828_X_Picknpay,0.0
828_X_Sasol,0.0
828_X_Ssw,0.0
828_X_Tongaat,0.0
828_X_Uct1&2,0.0
829_X_Absa,0.0
829_X_Clicks,0.0
829_X_Distell,0.0
829_X_Impala,0.0
829_X_Oceana1&2,0.0
829_X_Picknpay,0.0
829_X_Sasol,0.0
829_X_Ssw,0.0
829_X_Tongaat,0.0
829_X_Uct1&2,0.0
82_X_Absa,0.0
82_X_Clicks,0.0
82_X_Distell,0.0
82_X_Impala,0.0
82_X_Oceana1&2,0.0
82_X_Picknpay,0.0
82_X_Sasol,0.0
82_X_Ssw,0.0
82_X_Tongaat,0.0
82_X_Uct1&2,0.0
830_X_Absa,0.0
830_X_Clicks,0.0
830_X_Distell,0.0
830_X_Impala,0.0
830_X_Oceana1&2,0.0
830_X_Picknpay,0.0
830_X_Sasol,0.0
830_X_Ssw,0.0
830_X_Tongaat,0.0
830_X_Uct1&2,0.0
831_X_Absa,0.0
831_X_Clicks,0.0
831_X_Distell,0.0
831_X_Impala,0.0
831_X_Oceana1&2,0.0
831_X_Picknpay,0.0
831_X_Sasol,0.0
831_X_Ssw,0.0
831_X_Tongaat,0.0
831_X_Uct1&2,0.0
832_X_Absa,0.0
832_X_Clicks,0.0
832_X_Distell,0.0
832_X_Impala,0.0
832_X_Oceana1&2,0.0
832_X_Picknpay,0.0
832_X_Sasol,0.0
832_X_Ssw,0.0
832_X_Tongaat,0.0
832_X_Uct1&2,0.0
833_X_Absa,0.0
833_X_Clicks,0.0
833_X_Distell,0.0
833_X_Impala,0.0
833_X_Oceana1&2,0.0
833_X_Picknpay,0.0
833_X_Sasol,0.0
833_X_Ssw,0.0
833_X_Tongaat,0.0
833_X_Uct1&2,0.0
834_X_Absa,0.0
834_X_Clicks,0.0
834_X_Distell,0.0
834_X_Impala,0.0
834_X_Oceana1&2,0.0
834_X_Picknpay,0.0
834_X_Sasol,0.0
834_X_Ssw,0.0
834_X_Tongaat,0.0
834_X_Uct1&2,0.0
835_X_Absa,0.0
835_X_Clicks,0.0
835_X_Distell,0.0
835_X_Impala,0.0
835_X_Oceana1&2,0.0
835_X_Picknpay,0.0
835_X_Sasol,0.0
835_X_Ssw,0.0
835_X_Tongaat,0.0
835_X_Uct1&2,0.0
836_X_Absa,0.0
836_X_Clicks,0.0
836_X_Distell,0.0
836_X_Impala,0.0
836_X_Oceana1&2,0.0
836_X_Picknpay,0.0
836_X_Sasol,0.0
836_X_Ssw,0.0
836_X_Tongaat,0.0
836_X_Uct1&2,0.0
837_X_Absa,0.0
837_X_Clicks,0.0
837_X_Distell,0.0
837_X_Impala,0.0
837_X_Oceana1&2,0.0
837_X_Picknpay,0.0
837_X_Sasol,0.0
837_X_Ssw,0.0
837_X_Tongaat,0.0
837_X_Uct1&2,0.0
838_X_Absa,0.0
838_X_Clicks,0.0
838_X_Distell,0.0
838_X_Impala,0.0
838_X_Oceana1&2,0.0
838_X_Picknpay,0.0
838_X_Sasol,0.0
838_X_Ssw,0.0
838_X_Tongaat,0.0
838_X_Uct1&2,0.0
839_X_Absa,0.0
839_X_Clicks,0.0
839_X_Distell,0.0
839_X_Impala,0.0
839_X_Oceana1&2,0.0
839_X_Picknpay,0.0
839_X_Sasol,0.0
839_X_Ssw,0.0
839_X_Tongaat,0.0
839_X_Uct1&2,0.0
83_X_Absa,0.0
83_X_Clicks,0.0
83_X_Distell,0.0
83_X_Impala,0.0
83_X_Oceana1&2,0.0
83_X_Picknpay,0.0
83_X_Sasol,0.0
83_X_Ssw,0.0
83_X_Tongaat,0.0
83_X_Uct1&2,0.0
840_X_Absa,0.0
840_X_Clicks,0.0
840_X_Distell,0.0
840_X_Impala,0.0
840_X_Oceana1&2,0.0
840_X_Picknpay,0.0
840_X_Sasol,0.0
840_X_Ssw,0.0
840_X_Tongaat,0.0
840_X_Uct1&2,0.0
841_X_Absa,0.0
841_X_Clicks,0.0
841_X_Distell,0.0
841_X_Impala,0.0
841_X_Oceana1&2,0.0
841_X_Picknpay,0.0
841_X_Sasol,0.0
841_X_Ssw,0.0
841_X_Tongaat,0.0
841_X_Uct1&2,0.0
842_X_Absa,0.0
842_X_Clicks,0.0
842_X_Distell,0.0
842_X_Impala,0.0
842_X_Oceana1&2,0.0
842_X_Picknpay,0.0
842_X_Sasol,0.0
842_X_Ssw,0.0
842_X_Tongaat,0.0
842_X_Uct1&2,0.0
843_X_Absa,0.0
843_X_Clicks,0.0
843_X_Distell,0.0
843_X_Impala,0.0
843_X_Oceana1&2,0.0
843_X_Picknpay,0.0
843_X_Sasol,0.0
843_X_Ssw,0.0
843_X_Tongaat,0.0
843_X_Uct1&2,0.0
844_X_Absa,0.0
844_X_Clicks,0.0
844_X_Distell,0.0
844_X_Impala,0.0
844_X_Oceana1&2,0.0
844_X_Picknpay,0.0
844_X_Sasol,0.0
844_X_Ssw,0.0
844_X_Tongaat,0.0
844_X_Uct1&2,0.0
845_X_Absa,0.0
845_X_Clicks,0.0
845_X_Distell,0.0
845_X_Impala,0.0
845_X_Oceana1&2,0.0
845_X_Picknpay,0.0
845_X_Sasol,0.0
845_X_Ssw,0.0
845_X_Tongaat,0.0
845_X_Uct1&2,0.0
846_X_Absa,0.0
846_X_Clicks,0.0
846_X_Distell,0.0
846_X_Impala,0.0
846_X_Oceana1&2,0.0
846_X_Picknpay,0.0
846_X_Sasol,0.0
846_X_Ssw,0.0
846_X_Tongaat,0.0
846_X_Uct1&2,0.0
847_X_Absa,0.0
847_X_Clicks,0.0
847_X_Distell,0.0
847_X_Impala,0.0
847_X_Oceana1&2,0.0
847_X_Picknpay,0.0
847_X_Sasol,0.0
847_X_Ssw,0.0
847_X_Tongaat,0.0
847_X_Uct1&2,0.0
848_X_Absa,0.0
848_X_Clicks,0.0
848_X_Distell,0.0
848_X_Impala,0.0
848_X_Oceana1&2,0.0
848_X_Picknpay,0.0
848_X_Sasol,0.0
848_X_Ssw,0.0
848_X_Tongaat,0.0
848_X_Uct1&2,0.0
849_X_Absa,0.0
849_X_Clicks,0.0
849_X_Distell,0.0
849_X_Impala,0.0
849_X_Oceana1&2,0.0
849_X_Picknpay,0.0
849_X_Sasol,0.0
849_X_Ssw,0.0
849_X_Tongaat,0.0
849_X_Uct1&2,0.0
850_X_Absa,0.0
850_X_Clicks,0.0
850_X_Distell,0.0
850_X_Impala,0.0
850_X_Oceana1&2,0.0
850_X_Picknpay,0.0
850_X_Sasol,0.0
850_X_Ssw,0.0
850_X_Tongaat,0.0
850_X_Uct1&2,0.0
851_X_Absa,0.0
851_X_Clicks,0.0
851_X_Distell,0.0
851_X_Impala,0.0
851_X_Oceana1&2,0.0
851_X_Picknpay,0.0
851_X_Sasol,0.0
851_X_Ssw,0.0
851_X_Tongaat,0.0
851_X_Uct1&2,0.0
852_X_Absa,0.0
852_X_Clicks,0.0
852_X_Distell,0.0
852_X_Impala,0.0
852_X_Oceana1&2,0.0
852_X_Picknpay,0.0
852_X_Sasol,0.0
852_X_Ssw,0.0
852_X_Tongaat,0.0
852_X_Uct1&2,0.0
853_X_Absa,0.0
853_X_Clicks,0.0
853_X_Distell,0.0
853_X_Impala,0.0
853_X_Oceana1&2,0.0
853_X_Picknpay,0.0
853_X_Sasol,0.0
853_X_Ssw,0.0
853_X_Tongaat,0.0
853_X_Uct1&2,0.0
854_X_Absa,0.0
854_X_Clicks,0.0
854_X_Distell,0.0
854_X_Impala,0.0
854_X_Oceana1&2,0.0
854_X_Picknpay,0.0
854_X_Sasol,0.0
854_X_Ssw,0.0
854_X_Tongaat,0.0
854_X_Uct1&2,0.0
855_X_Absa,0.0
855_X_Clicks,0.0
855_X_Distell,0.0
855_X_Impala,0.0
855_X_Oceana1&2,0.0
855_X_Picknpay,0.0
855_X_Sasol,0.0
855_X_Ssw,0.0
855_X_Tongaat,0.0
855_X_Uct1&2,0.0
856_X_Absa,0.0
856_X_Clicks,0.0
856_X_Distell,0.0
856_X_Impala,0.0
856_X_Oceana1&2,0.0
856_X_Picknpay,0.0
856_X_Sasol,0.0
856_X_Ssw,0.0
856_X_Tongaat,0.0
856_X_Uct1&2,0.0
857_X_Absa,0.0
857_X_Clicks,0.0
857_X_Distell,0.0
857_X_Impala,0.0
857_X_Oceana1&2,0.0
857_X_Picknpay,0.0
857_X_Sasol,0.0
857_X_Ssw,0.0
857_X_Tongaat,0.0
857_X_Uct1&2,0.0
858_X_Absa,0.0
858_X_Clicks,0.0
858_X_Distell,0.0
858_X_Impala,0.0
858_X_Oceana1&2,0.0
858_X_Picknpay,0.0
858_X_Sasol,0.0
858_X_Ssw,0.0
858_X_Tongaat,0.0
858_X_Uct1&2,0.0
859_X_Absa,0.0
859_X_Clicks,0.0
859_X_Distell,0.0
859_X_Impala,0.0
859_X_Oceana1&2,0.0
859_X_Picknpay,0.0
859_X_Sasol,0.0
859_X_Ssw,0.0
859_X_Tongaat,0.0
859_X_Uct1&2,0.0
860_X_Absa,0.0
860_X_Clicks,0.0
860_X_Distell,0.0
860_X_Impala,0.0
860_X_Oceana1&2,0.0
860_X_Picknpay,0.0
860_X_Sasol,0.0
860_X_Ssw,0.0
860_X_Tongaat,0.0
860_X_Uct1&2,0.0
861_X_Absa,0.0
861_X_Clicks,0.0
861_X_Distell,0.0
861_X_Impala,0.0
861_X_Oceana1&2,0.0
861_X_Picknpay,0.0
861_X_Sasol,0.0
861_X_Ssw,0.0
861_X_Tongaat,0.0
861_X_Uct1&2,0.0
862_X_Absa,0.0
862_X_Clicks,0.0
862_X_Distell,0.0
862_X_Impala,0.0
862_X_Oceana1&2,0.0
862_X_Picknpay,0.0
862_X_Sasol,0.0
862_X_Ssw,0.0
862_X_Tongaat,0.0
862_X_Uct1&2,0.0
863_X_Absa,0.0
863_X_Clicks,0.0
863_X_Distell,0.0
863_X_Impala,0.0
863_X_Oceana1&2,0.0
863_X_Picknpay,0.0
863_X_Sasol,0.0
863_X_Ssw,0.0
863_X_Tongaat,0.0
863_X_Uct1&2,0.0
864_X_Absa,0.0
864_X_Clicks,0.0
864_X_Distell,0.0
864_X_Impala,0.0
864_X_Oceana1&2,0.0
864_X_Picknpay,0.0
864_X_Sasol,0.0
864_X_Ssw,0.0
864_X_Tongaat,0.0
864_X_Uct1&2,0.0
865_X_Absa,0.0
865_X_Clicks,0.0
865_X_Distell,0.0
865_X_Impala,0.0
865_X_Oceana1&2,0.0
865_X_Picknpay,0.0
865_X_Sasol,0.0
865_X_Ssw,0.0
865_X_Tongaat,0.0
865_X_Uct1&2,0.0
866_X_Absa,0.0
866_X_Clicks,0.0
866_X_Distell,0.0
866_X_Impala,0.0
866_X_Oceana1&2,0.0
866_X_Picknpay,0.0
866_X_Sasol,0.0
866_X_Ssw,0.0
866_X_Tongaat,0.0
866_X_Uct1&2,0.0
867_X_Absa,0.0
867_X_Clicks,0.0
867_X_Distell,0.0
867_X_Impala,0.0
867_X_Oceana1&2,0.0
867_X_Picknpay,0.0
867_X_Sasol,0.0
867_X_Ssw,0.0
867_X_Tongaat,0.0
867_X_Uct1&2,0.0
86_X_Absa,0.0
86_X_Clicks,0.0
86_X_Distell,0.0
86_X_Impala,0.0
86_X_Oceana1&2,0.0
86_X_Picknpay,0.0
86_X_Sasol,0.0
86_X_Ssw,0.0
86_X_Tongaat,0.0
86_X_Uct1&2,0.0
871_X_Absa,0.0
871_X_Clicks,0.0
871_X_Distell,0.0
871_X_Impala,0.0
871_X_Oceana1&2,0.0
871_X_Picknpay,0.0
871_X_Sasol,0.0
871_X_Ssw,0.0
871_X_Tongaat,0.0
871_X_Uct1&2,0.0
874_X_Absa,0.0
874_X_Clicks,0.0
874_X_Distell,0.0
874_X_Impala,0.0
874_X_Oceana1&2,0.0
874_X_Picknpay,0.0
874_X_Sasol,0.0
874_X_Ssw,0.0
874_X_Tongaat,0.0
874_X_Uct1&2,0.0
880_X_Absa,0.0
880_X_Clicks,0.0
880_X_Distell,0.0
880_X_Impala,0.0
880_X_Oceana1&2,0.0
880_X_Picknpay,0.0
880_X_Sasol,0.0
880_X_Ssw,0.0
880_X_Tongaat,0.0
880_X_Uct1&2,0.0
882_X_Absa,0.0
882_X_Clicks,0.0
882_X_Distell,0.0
882_X_Impala,0.0
882_X_Oceana1&2,0.0
882_X_Picknpay,0.0
882_X_Sasol,0.0
882_X_Ssw,0.0
882_X_Tongaat,0.0
882_X_Uct1&2,0.0
883_X_Absa,0.0
883_X_Clicks,0.0
883_X_Distell,0.0
883_X_Impala,0.0
883_X_Oceana1&2,0.0
883_X_Picknpay,0.0
883_X_Sasol,0.0
883_X_Ssw,0.0
883_X_Tongaat,0.0
883_X_Uct1&2,0.0
886_X_Absa,0.0
886_X_Clicks,0.0
886_X_Distell,0.0
886_X_Impala,0.0
886_X_Oceana1&2,0.0
886_X_Picknpay,0.0
886_X_Sasol,0.0
886_X_Ssw,0.0
886_X_Tongaat,0.0
886_X_Uct1&2,0.0
887_X_Absa,0.0
887_X_Clicks,0.0
887_X_Distell,0.0
887_X_Impala,0.0
887_X_Oceana1&2,0.0
887_X_Picknpay,0.0
887_X_Sasol,0.0
887_X_Ssw,0.0
887_X_Tongaat,0.0
887_X_Uct1&2,0.0
888_X_Absa,0.0
888_X_Clicks,0.0
888_X_Distell,0.0
888_X_Impala,0.0
888_X_Oceana1&2,0.0
888_X_Picknpay,0.0
888_X_Sasol,0.0
888_X_Ssw,0.0
888_X_Tongaat,0.0
888_X_Uct1&2,0.0
889_X_Absa,0.0
889_X_Clicks,0.0
889_X_Distell,0.0
889_X_Impala,0.0
889_X_Oceana1&2,0.0
889_X_Picknpay,0.0
889_X_Sasol,0.0
889_X_Ssw,0.0
889_X_Tongaat,0.0
889_X_Uct1&2,0.0
891_X_Absa,0.0
891_X_Clicks,0.0
891_X_Distell,0.0
891_X_Impala,0.0
891_X_Oceana1&2,0.0
891_X_Picknpay,0.0
891_X_Sasol,0.0
891_X_Ssw,0.0
891_X_Tongaat,0.0
891_X_Uct1&2,0.0
8_X_Absa,0.0
8_X_Clicks,0.0
8_X_Distell,0.0
8_X_Impala,0.0
8_X_Oceana1&2,0.0
8_X_Picknpay,0.0
8_X_Sasol,0.0
8_X_Ssw,0.0
8_X_Tongaat,0.0
8_X_Uct1&2,0.0
905_X_Absa,0.0
905_X_Clicks,0.0
905_X_Distell,0.0
905_X_Impala,0.0
905_X_Oceana1&2,0.0
905_X_Picknpay,0.0
905_X_Sasol,0.0
905_X_Ssw,0.0
905_X_Tongaat,0.0
905_X_Uct1&2,0.0
90_X_Absa,0.0
90_X_Clicks,0.0
90_X_Distell,0.0
90_X_Impala,0.0
90_X_Oceana1&2,0.0
90_X_Picknpay,0.0
90_X_Sasol,0.0
90_X_Ssw,0.0
90_X_Tongaat,0.0
90_X_Uct1&2,0.0
913_X_Absa,0.0
913_X_Clicks,0.0
913_X_Distell,0.0
913_X_Impala,0.0
913_X_Oceana1&2,0.0
913_X_Picknpay,0.0
913_X_Sasol,0.0
913_X_Ssw,0.0
913_X_Tongaat,0.0
913_X_Uct1&2,0.0
914_X_Absa,0.0
914_X_Clicks,0.0
914_X_Distell,0.0
914_X_Impala,0.0
914_X_Oceana1&2,0.0
914_X_Picknpay,0.0
914_X_Sasol,0.0
914_X_Ssw,0.0
914_X_Tongaat,0.0
914_X_Uct1&2,0.0
915_X_Absa,0.0
915_X_Clicks,0.0
915_X_Distell,0.0
915_X_Impala,0.0
915_X_Oceana1&2,0.0
915_X_Picknpay,0.0
915_X_Sasol,0.0
915_X_Ssw,0.0
915_X_Tongaat,0.0
915_X_Uct1&2,0.0
916_X_Absa,0.0
916_X_Clicks,0.0
916_X_Distell,0.0
916_X_Impala,0.0
916_X_Oceana1&2,0.0
916_X_Picknpay,0.0
916_X_Sasol,0.0
916_X_Ssw,0.0
916_X_Tongaat,0.0
916_X_Uct1&2,0.0
917_X_Absa,0.0
917_X_Clicks,0.0
917_X_Distell,0.0
917_X_Impala,0.0
917_X_Oceana1&2,0.0
917_X_Picknpay,0.0
917_X_Sasol,0.0
917_X_Ssw,0.0
917_X_Tongaat,0.0
917_X_Uct1&2,0.0
918_X_Absa,0.0
918_X_Clicks,0.0
918_X_Distell,0.0
918_X_Impala,0.0
918_X_Oceana1&2,0.0
918_X_Picknpay,0.0
918_X_Sasol,0.0
918_X_Ssw,0.0
918_X_Tongaat,0.0
918_X_Uct1&2,0.0
919_X_Absa,0.0
919_X_Clicks,0.0
919_X_Distell,0.0
919_X_Impala,0.0
919_X_Oceana1&2,0.0
919_X_Picknpay,0.0
919_X_Sasol,0.0
919_X_Ssw,0.0
919_X_Tongaat,0.0
919_X_Uct1&2,0.0
920_X_Absa,0.0
920_X_Clicks,0.0
920_X_Distell,0.0
920_X_Impala,0.0
920_X_Oceana1&2,0.0
920_X_Picknpay,0.0
920_X_Sasol,0.0
920_X_Ssw,0.0
920_X_Tongaat,0.0
920_X_Uct1&2,0.0
921_X_Absa,0.0
921_X_Clicks,0.0
921_X_Distell,0.0
921_X_Impala,0.0
921_X_Oceana1&2,0.0
921_X_Picknpay,0.0
921_X_Sasol,0.0
921_X_Ssw,0.0
921_X_Tongaat,0.0
921_X_Uct1&2,0.0
922_X_Absa,0.0
922_X_Clicks,0.0
922_X_Distell,0.0
922_X_Impala,0.0
922_X_Oceana1&2,0.0
922_X_Picknpay,0.0
922_X_Sasol,0.0
922_X_Ssw,0.0
922_X_Tongaat,0.0
922_X_Uct1&2,0.0
923_X_Absa,0.0
923_X_Clicks,0.0
923_X_Distell,0.0
923_X_Impala,0.0
923_X_Oceana1&2,0.0
923_X_Picknpay,0.0
923_X_Sasol,0.0
923_X_Ssw,0.0
923_X_Tongaat,0.0
923_X_Uct1&2,0.0
924_X_Absa,0.0
924_X_Clicks,0.0
924_X_Distell,0.0
924_X_Impala,0.0
924_X_Oceana1&2,0.0
924_X_Picknpay,0.0
924_X_Sasol,0.0
924_X_Ssw,0.0
924_X_Tongaat,0.0
924_X_Uct1&2,0.0
925_X_Absa,0.0
925_X_Clicks,0.0
925_X_Distell,0.0
925_X_Impala,0.0
925_X_Oceana1&2,0.0
925_X_Picknpay,0.0
925_X_Sasol,0.0
925_X_Ssw,0.0
925_X_Tongaat,0.0
925_X_Uct1&2,0.0
926_X_Absa,0.0
926_X_Clicks,0.0
926_X_Distell,0.0
926_X_Impala,0.0
926_X_Oceana1&2,0.0
926_X_Picknpay,0.0
926_X_Sasol,0.0
926_X_Ssw,0.0
926_X_Tongaat,0.0
926_X_Uct1&2,0.0
927_X_Absa,0.0
927_X_Clicks,0.0
927_X_Distell,0.0
927_X_Impala,0.0
927_X_Oceana1&2,0.0
927_X_Picknpay,0.0
927_X_Sasol,0.0
927_X_Ssw,0.0
927_X_Tongaat,0.0
927_X_Uct1&2,0.0
928_X_Absa,0.0
928_X_Clicks,0.0
928_X_Distell,0.0
928_X_Impala,0.0
928_X_Oceana1&2,0.0
928_X_Picknpay,0.0
928_X_Sasol,0.0
928_X_Ssw,0.0
928_X_Tongaat,0.0
928_X_Uct1&2,0.0
929_X_Absa,0.0
929_X_Clicks,0.0
929_X_Distell,0.0
929_X_Impala,0.0
929_X_Oceana1&2,0.0
929_X_Picknpay,0.0
929_X_Sasol,0.0
929_X_Ssw,0.0
929_X_Tongaat,0.0
929_X_Uct1&2,0.0
930_X_Absa,0.0
930_X_Clicks,0.0
930_X_Distell,0.0
930_X_Impala,0.0
930_X_Oceana1&2,0.0
930_X_Picknpay,0.0
930_X_Sasol,0.0
930_X_Ssw,0.0
930_X_Tongaat,0.0
930_X_Uct1&2,0.0
931_X_Absa,0.0
931_X_Clicks,0.0
931_X_Distell,0.0
931_X_Impala,0.0
931_X_Oceana1&2,0.0
931_X_Picknpay,0.0
931_X_Sasol,0.0
931_X_Ssw,0.0
931_X_Tongaat,0.0
931_X_Uct1&2,0.0
932_X_Absa,0.0
932_X_Clicks,0.0
932_X_Distell,0.0
932_X_Impala,0.0
932_X_Oceana1&2,0.0
932_X_Picknpay,0.0
932_X_Sasol,0.0
932_X_Ssw,0.0
932_X_Tongaat,0.0
932_X_Uct1&2,0.0
933_X_Absa,0.0
933_X_Clicks,0.0
933_X_Distell,0.0
933_X_Impala,0.0
933_X_Oceana1&2,0.0
933_X_Picknpay,0.0
933_X_Sasol,0.0
933_X_Ssw,0.0
933_X_Tongaat,0.0
933_X_Uct1&2,0.0
934_X_Absa,0.0
934_X_Clicks,0.0
934_X_Distell,0.0
934_X_Impala,0.0
934_X_Oceana1&2,0.0
934_X_Picknpay,0.0
934_X_Sasol,0.0
934_X_Ssw,0.0
934_X_Tongaat,0.0
934_X_Uct1&2,0.0
935_X_Absa,0.0
935_X_Clicks,0.0
935_X_Distell,0.0
935_X_Impala,0.0
935_X_Oceana1&2,0.0
935_X_Picknpay,0.0
935_X_Sasol,0.0
935_X_Ssw,0.0
935_X_Tongaat,0.0
935_X_Uct1&2,0.0
936_X_Absa,0.0
936_X_Clicks,0.0
936_X_Distell,0.0
936_X_Impala,0.0
936_X_Oceana1&2,0.0
936_X_Picknpay,0.0
936_X_Sasol,0.0
936_X_Ssw,0.0
936_X_Tongaat,0.0
936_X_Uct1&2,0.0
937_X_Absa,0.0
937_X_Clicks,0.0
937_X_Distell,0.0
937_X_Impala,0.0
937_X_Oceana1&2,0.0
937_X_Picknpay,0.0
937_X_Sasol,0.0
937_X_Ssw,0.0
937_X_Tongaat,0.0
937_X_Uct1&2,0.0
938_X_Absa,0.0
938_X_Clicks,0.0
938_X_Distell,0.0
938_X_Impala,0.0
938_X_Oceana1&2,0.0
938_X_Picknpay,0.0
938_X_Sasol,0.0
938_X_Ssw,0.0
938_X_Tongaat,0.0
938_X_Uct1&2,0.0
939_X_Absa,0.0
939_X_Clicks,0.0
939_X_Distell,0.0
939_X_Impala,0.0
939_X_Oceana1&2,0.0
939_X_Picknpay,0.0
939_X_Sasol,0.0
939_X_Ssw,0.0
939_X_Tongaat,0.0
939_X_Uct1&2,0.0
93_X_Absa,0.0
93_X_Clicks,0.0
93_X_Distell,0.0
93_X_Impala,0.0
93_X_Oceana1&2,0.0
93_X_Picknpay,0.0
93_X_Sasol,0.0
93_X_Ssw,0.0
93_X_Tongaat,0.0
93_X_Uct1&2,0.0
940_X_Absa,0.0
940_X_Clicks,0.0
940_X_Distell,0.0
940_X_Impala,0.0
940_X_Oceana1&2,0.0
940_X_Picknpay,0.0
940_X_Sasol,0.0
940_X_Ssw,0.0
940_X_Tongaat,0.0
940_X_Uct1&2,0.0
941_X_Absa,0.0
941_X_Clicks,0.0
941_X_Distell,0.0
941_X_Impala,0.0
941_X_Oceana1&2,0.0
941_X_Picknpay,0.0
941_X_Sasol,0.0
941_X_Ssw,0.0
941_X_Tongaat,0.0
941_X_Uct1&2,0.0
943_X_Absa,0.0
943_X_Clicks,0.0
943_X_Distell,0.0
943_X_Impala,0.0
943_X_Oceana1&2,0.0
943_X_Picknpay,0.0
943_X_Sasol,0.0
943_X_Ssw,0.0
943_X_Tongaat,0.0
943_X_Uct1&2,0.0
944_X_Absa,0.0
944_X_Clicks,0.0
944_X_Distell,0.0
944_X_Impala,0.0
944_X_Oceana1&2,0.0
944_X_Picknpay,0.0
944_X_Sasol,0.0
944_X_Ssw,0.0
944_X_Tongaat,0.0
944_X_Uct1&2,0.0
945_X_Absa,0.0
945_X_Clicks,0.0
945_X_Distell,0.0
945_X_Impala,0.0
945_X_Oceana1&2,0.0
945_X_Picknpay,0.0
945_X_Sasol,0.0
945_X_Ssw,0.0
945_X_Tongaat,0.0
945_X_Uct1&2,0.0
946_X_Absa,0.0
946_X_Clicks,0.0
946_X_Distell,0.0
946_X_Impala,0.0
946_X_Oceana1&2,0.0
946_X_Picknpay,0.0
946_X_Sasol,0.0
946_X_Ssw,0.0
946_X_Tongaat,0.0
946_X_Uct1&2,0.0
947_X_Absa,0.0
947_X_Clicks,0.0
947_X_Distell,0.0
947_X_Impala,0.0
947_X_Oceana1&2,0.0
947_X_Picknpay,0.0
947_X_Sasol,0.0
947_X_Ssw,0.0
947_X_Tongaat,0.0
947_X_Uct1&2,0.0
948_X_Absa,0.0
948_X_Clicks,0.0
948_X_Distell,0.0
948_X_Impala,0.0
948_X_Oceana1&2,0.0
948_X_Picknpay,0.0
948_X_Sasol,0.0
948_X_Ssw,0.0
948_X_Tongaat,0.0
948_X_Uct1&2,0.0
949_X_Absa,0.0
949_X_Clicks,0.0
949_X_Distell,0.0
949_X_Impala,0.0
949_X_Oceana1&2,0.0
949_X_Picknpay,0.0
949_X_Sasol,0.0
949_X_Ssw,0.0
949_X_Tongaat,0.0
949_X_Uct1&2,0.0
953_X_Absa,0.0
953_X_Clicks,0.0
953_X_Distell,0.0
953_X_Impala,0.0
953_X_Oceana1&2,0.0
953_X_Picknpay,0.0
953_X_Sasol,0.0
953_X_Ssw,0.0
953_X_Tongaat,0.0
953_X_Uct1&2,0.0
957_X_Absa,0.0
957_X_Clicks,0.0
957_X_Distell,0.0
957_X_Impala,0.0
957_X_Oceana1&2,0.0
957_X_Picknpay,0.0
957_X_Sasol,0.0
957_X_Ssw,0.0
957_X_Tongaat,0.0
957_X_Uct1&2,0.0
95_X_Absa,0.0
95_X_Clicks,0.0
95_X_Distell,0.0
95_X_Impala,0.0
95_X_Oceana1&2,0.0
95_X_Picknpay,0.0
95_X_Sasol,0.0
95_X_Ssw,0.0
95_X_Tongaat,0.0
95_X_Uct1&2,0.0
962_X_Absa,0.0
962_X_Clicks,0.0
962_X_Distell,0.0
962_X_Impala,0.0
962_X_Oceana1&2,0.0
962_X_Picknpay,0.0
962_X_Sasol,0.0
962_X_Ssw,0.0
962_X_Tongaat,0.0
962_X_Uct1&2,0.0
965_X_Absa,0.0
965_X_Clicks,0.0
965_X_Distell,0.0
965_X_Impala,0.0
965_X_Oceana1&2,0.0
965_X_Picknpay,0.0
965_X_Sasol,0.0
965_X_Ssw,0.0
965_X_Tongaat,0.0
965_X_Uct1&2,0.0
96_X_Absa,0.0
96_X_Clicks,0.0
96_X_Distell,0.0
96_X_Impala,0.0
96_X_Oceana1&2,0.0
96_X_Picknpay,0.0
96_X_Sasol,0.0
96_X_Ssw,0.0
96_X_Tongaat,0.0
96_X_Uct1&2,0.0
97_X_Absa,0.0
97_X_Clicks,0.0
97_X_Distell,0.0
97_X_Impala,0.0
97_X_Oceana1&2,0.0
97_X_Picknpay,0.0
97_X_Sasol,0.0
97_X_Ssw,0.0
97_X_Tongaat,0.0
97_X_Uct1&2,0.0
993_X_Absa,0.0
993_X_Clicks,0.0
993_X_Distell,0.0
993_X_Impala,0.0
993_X_Oceana1&2,0.0
993_X_Picknpay,0.0
993_X_Sasol,0.0
993_X_Ssw,0.0
993_X_Tongaat,0.0
993_X_Uct1&2,0.0
9_X_Absa,0.0
9_X_Clicks,0.0
9_X_Distell,0.0
9_X_Impala,0.0
9_X_Oceana1&2,0.0
9_X_Picknpay,0.0
9_X_Sasol,0.0
9_X_Ssw,0.0
9_X_Tongaat,0.0
9_X_Uct1&2,0.0
